-- phpMyAdmin SQL Dump
-- version 4.8.4
-- https://www.phpmyadmin.net/
--
-- Host: 127.0.0.1
-- Generation Time: Aug 19, 2021 at 02:25 PM
-- Server version: 10.1.37-MariaDB
-- PHP Version: 7.3.1

SET SQL_MODE = "NO_AUTO_VALUE_ON_ZERO";
SET AUTOCOMMIT = 0;
START TRANSACTION;
SET time_zone = "+00:00";


/*!40101 SET @OLD_CHARACTER_SET_CLIENT=@@CHARACTER_SET_CLIENT */;
/*!40101 SET @OLD_CHARACTER_SET_RESULTS=@@CHARACTER_SET_RESULTS */;
/*!40101 SET @OLD_COLLATION_CONNECTION=@@COLLATION_CONNECTION */;
/*!40101 SET NAMES utf8mb4 */;

--
-- Database: `indocliq`
--

-- --------------------------------------------------------

--
-- Table structure for table `admin`
--

CREATE TABLE `admin` (
  `id` int(11) NOT NULL,
  `email` varchar(255) NOT NULL,
  `password` varchar(255) NOT NULL,
  `txn_password` varchar(255) NOT NULL,
  `first_name` varchar(255) NOT NULL,
  `last_name` varchar(255) NOT NULL,
  `image` int(11) NOT NULL,
  `wallet_amount` float NOT NULL,
  `status` int(11) NOT NULL DEFAULT '1',
  `create_date` datetime NOT NULL,
  `modify_date` timestamp NOT NULL DEFAULT CURRENT_TIMESTAMP ON UPDATE CURRENT_TIMESTAMP
) ENGINE=InnoDB DEFAULT CHARSET=utf8;

--
-- Dumping data for table `admin`
--

INSERT INTO `admin` (`id`, `email`, `password`, `txn_password`, `first_name`, `last_name`, `image`, `wallet_amount`, `status`, `create_date`, `modify_date`) VALUES
(1, 'admin@admin.com', 'e10adc3949ba59abbe56e057f20f883e', 'e10adc3949ba59abbe56e057f20f883e', 'admin', 'Wellness', 0, 410000, 1, '2019-03-12 00:00:00', '2020-06-13 12:42:59');

-- --------------------------------------------------------

--
-- Table structure for table `area`
--

CREATE TABLE `area` (
  `area_id` int(11) NOT NULL,
  `area_name` varchar(255) NOT NULL,
  `area_zipcode` int(11) NOT NULL,
  `status` tinyint(1) NOT NULL DEFAULT '1',
  `create_date` datetime NOT NULL
) ENGINE=InnoDB DEFAULT CHARSET=utf8;

--
-- Dumping data for table `area`
--

INSERT INTO `area` (`area_id`, `area_name`, `area_zipcode`, `status`, `create_date`) VALUES
(1, 'Palacia', 452001, 1, '2019-10-23 12:01:35'),
(2, 'sdfdf', 452001, 3, '2019-10-23 12:04:07'),
(3, 'mahu nakka', 452001, 1, '2019-10-23 12:05:10'),
(4, 'futikoti', 452001, 1, '2019-10-23 12:34:31'),
(5, 'sindhi colony', 0, 1, '2020-07-20 17:39:29');

-- --------------------------------------------------------

--
-- Table structure for table `brand_logo`
--

CREATE TABLE `brand_logo` (
  `id` int(11) NOT NULL,
  `name` varchar(255) NOT NULL,
  `image` varchar(250) NOT NULL,
  `staus` tinyint(4) NOT NULL DEFAULT '1',
  `create_date` int(11) NOT NULL
) ENGINE=InnoDB DEFAULT CHARSET=utf8;

--
-- Dumping data for table `brand_logo`
--

INSERT INTO `brand_logo` (`id`, `name`, `image`, `staus`, `create_date`) VALUES
(4, 'Ra', 'b1.jpg', 0, 2020),
(5, 'chanel', 'b2.jpg', 0, 2020),
(6, 'prada', 'b3.jpg', 0, 2020),
(7, 'lacosta', 'b4.jpg', 0, 2020),
(8, 'fendi', 'b5.jpg', 0, 2020),
(9, 'burberry', 'b6.jpg', 0, 2020),
(10, 'luice vitton', 'b7.jpg', 0, 2020),
(11, 'dada', 'b21.jpg', 0, 2020),
(12, 'abs', 'b11.jpg', 0, 2020);

-- --------------------------------------------------------

--
-- Table structure for table `categories`
--

CREATE TABLE `categories` (
  `categories_id` int(11) NOT NULL,
  `category_name` varchar(100) NOT NULL,
  `category_percentage` int(11) NOT NULL,
  `parent_category_id` int(11) NOT NULL,
  `parent_sub_category_id` int(11) NOT NULL,
  `category_image` varchar(255) NOT NULL,
  `status` tinyint(1) NOT NULL DEFAULT '1',
  `create_date` datetime NOT NULL,
  `modify_date` datetime NOT NULL DEFAULT CURRENT_TIMESTAMP
) ENGINE=InnoDB DEFAULT CHARSET=utf8;

--
-- Dumping data for table `categories`
--

INSERT INTO `categories` (`categories_id`, `category_name`, `category_percentage`, `parent_category_id`, `parent_sub_category_id`, `category_image`, `status`, `create_date`, `modify_date`) VALUES
(1, 'Nutrition & Supplements', 0, 10, 1, '', 0, '2020-08-19 03:48:05', '2020-08-18 20:48:05'),
(2, 'ELECTRONICS', 12, 0, 0, '4.png', 1, '2020-08-20 04:16:44', '2019-10-23 15:06:18'),
(3, 'MEN', 0, 0, 0, '1.jpg', 1, '2019-11-29 05:43:53', '2019-10-23 15:35:45'),
(4, 'Mobile', 0, 2, 0, 'rj.jpg', 3, '2020-06-27 11:42:10', '2019-11-28 12:37:05'),
(5, 'TV', 0, 2, 0, '41k5oiQUn2L_-_Copy.jpg', 3, '2019-11-28 11:51:07', '2019-11-28 16:20:57'),
(6, 'WOMEN', 0, 0, 0, '10.jpg', 1, '2019-11-28 12:30:05', '2019-11-28 17:00:05'),
(7, 'HOME & KITCHEN', 0, 0, 0, '8.png', 1, '2019-11-28 12:30:46', '2019-11-28 17:00:46'),
(8, 'APPLIANCES', 0, 0, 0, '5.png', 1, '2019-11-28 12:31:49', '2019-11-28 17:01:49'),
(9, 'SPORTS & MORE', 0, 0, 0, '8.jpg', 1, '2019-11-28 12:32:09', '2019-11-28 17:02:09'),
(10, 'DAILY ESSENTIALS', 0, 0, 0, '5.jpg', 1, '2019-11-28 12:35:41', '2019-11-28 17:05:41'),
(11, 'OFFERS', 0, 0, 0, '3.jpg', 1, '2019-11-28 12:45:16', '2019-11-28 17:15:16'),
(13, 'Blouse', 0, 6, 0, 'RiyaBoutique.png', 0, '2020-06-22 07:45:10', '2020-06-22 00:45:10'),
(14, 'Shoes', 0, 11, 0, '11.jpg', 1, '2020-06-25 13:14:40', '2020-06-25 06:14:40'),
(15, 'Clothes', 0, 6, 0, '21.png', 0, '2020-06-27 11:42:49', '2020-06-27 04:42:49'),
(16, 'shoes', 0, 14, 0, '22.png', 0, '2020-06-27 11:43:52', '2020-06-27 04:43:52'),
(17, 'Winter clothes', 0, 11, 0, '31.jpg', 0, '2020-06-27 11:44:54', '2020-06-27 04:44:54'),
(18, 'tools', 0, 10, 0, '41.png', 0, '2020-06-27 11:45:17', '2020-06-27 04:45:17'),
(19, 'Almirah', 0, 10, 0, '42.png', 0, '2020-06-27 11:45:51', '2020-06-27 04:45:51'),
(20, 'Sports', 0, 9, 0, '81.png', 1, '2020-06-27 11:46:39', '2020-06-27 04:46:39'),
(21, 'Football', 0, 20, 0, '82.png', 0, '2020-06-27 11:47:10', '2020-06-27 04:47:10'),
(22, 'TV', 0, 8, 0, '83.png', 1, '2020-06-27 11:47:23', '2020-06-27 04:47:23'),
(23, 'LED TV', 0, 22, 0, '84.png', 0, '2020-06-27 11:47:52', '2020-06-27 04:47:52'),
(24, 'Diwali gift', 0, 7, 0, '85.png', 0, '2020-06-27 11:48:52', '2020-06-27 04:48:52'),
(25, 'New year gift', 0, 7, 0, '86.png', 0, '2020-06-27 11:49:11', '2020-06-27 04:49:11'),
(26, 'screwdriver', 0, 18, 0, '87.png', 0, '2020-06-27 11:49:44', '2020-06-27 04:49:44'),
(27, 'necklesh', 0, 6, 0, '101.jpg', 0, '2020-06-27 11:50:20', '2020-06-27 04:50:20'),
(28, 'sports', 0, 3, 0, '12.jpg', 3, '2020-06-27 11:50:44', '2020-06-27 04:50:44'),
(29, 'winter t shirts', 0, 3, 0, '13.jpg', 3, '2020-06-27 11:51:30', '2020-06-27 04:51:30'),
(30, 'Computer', 0, 2, 0, '88.png', 3, '2020-06-27 11:52:00', '2020-06-27 04:52:00'),
(31, 'Fan', 0, 2, 0, 'sofa-set-500x500.jpg', 3, '2020-07-03 18:30:44', '2020-07-03 11:30:44'),
(36, 'MI', 0, 4, 0, '', 3, '2020-08-18 20:31:03', '2020-08-18 08:02:28'),
(39, 'Realme', 0, 4, 0, '', 3, '2020-08-18 20:31:03', '2020-08-18 08:03:09'),
(41, 'Mobile & Tablet Accessories', 0, 2, 1, '', 1, '2020-08-19 02:24:23', '2020-08-18 19:24:23'),
(42, 'Portable Audio', 0, 2, 1, '', 1, '2020-08-19 02:25:15', '2020-08-18 19:25:15'),
(43, 'Power Banks', 0, 2, 1, '', 1, '2020-08-19 02:25:37', '2020-08-18 19:25:37'),
(44, 'Computer Accessories', 0, 2, 1, '', 1, '2020-08-19 02:25:53', '2020-08-18 19:25:53'),
(45, 'Storage Devices', 0, 2, 1, '', 1, '2020-08-19 02:26:08', '2020-08-18 19:26:08'),
(46, 'Home Entertainment', 0, 2, 1, '', 1, '2020-08-19 02:26:21', '2020-08-18 19:26:21'),
(47, 'TVs & DTH', 0, 2, 1, '', 0, '2020-08-19 02:26:37', '2020-08-18 19:26:37'),
(48, 'Laptops', 0, 2, 1, '', 0, '2020-08-19 02:26:50', '2020-08-18 19:26:50'),
(49, 'Printers', 0, 2, 1, '', 0, '2020-08-19 02:26:59', '2020-08-18 19:26:59'),
(50, 'Cameras', 0, 2, 1, '', 0, '2020-08-19 02:27:09', '2020-08-18 19:27:09'),
(51, 'Smart Wearables', 0, 41, 0, '', 1, '2020-08-19 02:37:25', '2020-08-18 19:37:25'),
(52, 'Case & Covers', 0, 41, 0, '', 1, '2020-08-19 02:38:59', '2020-08-18 19:38:59'),
(53, 'Selfie Sticks', 0, 41, 0, '', 1, '2020-08-19 02:39:12', '2020-08-18 19:39:12'),
(54, 'Mobile Holders', 0, 41, 0, '', 1, '2020-08-19 02:42:09', '2020-08-18 19:42:09'),
(55, 'Cables', 0, 41, 0, '', 1, '2020-08-19 02:42:24', '2020-08-18 19:42:24'),
(56, 'Adapter & Chargers', 0, 41, 0, '', 1, '2020-08-19 02:42:36', '2020-08-18 19:42:36'),
(57, 'Headphones & Earphones', 0, 42, 0, '', 1, '2020-08-19 02:43:23', '2020-08-18 19:43:23'),
(58, 'Bluetooth Speaker', 0, 42, 0, '', 1, '2020-08-19 02:43:34', '2020-08-18 19:43:34'),
(59, 'Bluetooth Headset', 0, 42, 0, '', 1, '2020-08-19 02:43:44', '2020-08-18 19:43:44'),
(60, 'Radio & Karaoke', 0, 42, 0, '', 1, '2020-08-19 02:43:56', '2020-08-18 19:43:56'),
(61, 'Audio Store', 0, 42, 0, '', 1, '2020-08-19 02:44:06', '2020-08-18 19:44:06'),
(62, 'Less than 5000 mAH', 0, 43, 0, '', 1, '2020-08-19 02:44:31', '2020-08-18 19:44:31'),
(63, '5000 - 10000 mAH', 0, 43, 0, '', 1, '2020-08-19 02:44:41', '2020-08-18 19:44:41'),
(64, 'Above 10000 mAH', 0, 43, 0, '', 1, '2020-08-19 02:48:10', '2020-08-18 19:48:10'),
(65, 'Mouse', 0, 44, 0, '', 1, '2020-08-19 02:48:32', '2020-08-18 19:48:32'),
(66, 'Keyboards', 0, 44, 0, '', 1, '2020-08-19 02:48:45', '2020-08-18 19:48:45'),
(67, 'Laptop Bags', 0, 44, 0, '', 1, '2020-08-19 02:49:09', '2020-08-18 19:49:09'),
(68, 'USB Gadgets', 0, 44, 0, '', 1, '2020-08-19 02:49:21', '2020-08-18 19:49:21'),
(69, 'Laptop Speakers', 0, 44, 0, '', 1, '2020-08-19 02:49:37', '2020-08-18 19:49:37'),
(70, 'Memory Cards', 0, 45, 0, '', 1, '2020-08-19 02:49:58', '2020-08-18 19:49:58'),
(71, 'Pen Drive', 0, 45, 0, '', 1, '2020-08-19 02:50:12', '2020-08-18 19:50:12'),
(72, 'Home Theatre System', 0, 46, 0, '', 1, '2020-08-19 02:50:32', '2020-08-18 19:50:32'),
(73, 'Sound Bar', 0, 46, 0, '', 1, '2020-08-19 02:50:51', '2020-08-18 19:50:51'),
(74, 'Boombox', 0, 46, 0, '', 1, '2020-08-19 02:50:57', '2020-08-18 19:50:57'),
(75, 'Philips Brand Store', 0, 46, 0, '', 1, '2020-08-19 02:51:08', '2020-08-18 19:51:08'),
(76, 'Krisons Brand Store', 0, 46, 0, '', 1, '2020-08-19 02:51:19', '2020-08-18 19:51:19'),
(77, 'Flow Brand Store', 0, 46, 0, '', 1, '2020-08-19 02:51:31', '2020-08-18 19:51:31'),
(78, 'Ikall Brand Store', 0, 46, 0, '', 1, '2020-08-19 02:51:50', '2020-08-18 19:51:50'),
(79, 'Men\'s Clothing', 0, 3, 1, '', 1, '2020-08-19 03:09:50', '2020-08-18 20:09:50'),
(80, 'Men\'s Watches', 0, 3, 1, '', 1, '2020-08-19 03:18:09', '2020-08-18 20:18:09'),
(82, 'Men\'s Jewellery', 0, 3, 1, '', 1, '2020-08-19 03:31:57', '2020-08-18 20:31:57'),
(83, 'Fragrances', 0, 3, 1, '', 1, '2020-08-19 03:32:06', '2020-08-18 20:32:06'),
(84, 'Grooming', 0, 3, 1, '', 1, '2020-08-19 03:32:16', '2020-08-18 20:32:16'),
(85, 'Eyewear', 0, 3, 1, '', 1, '2020-08-19 03:32:28', '2020-08-18 20:32:28'),
(86, 'Fashion Accessories', 0, 3, 1, '', 1, '2020-08-19 03:32:50', '2020-08-18 20:32:50'),
(87, 'Bags & luggage', 0, 3, 1, '', 1, '2020-08-19 03:33:02', '2020-08-18 20:33:02'),
(88, 'Footwear', 0, 3, 1, '', 1, '2020-08-19 03:33:21', '2020-08-18 20:33:21'),
(89, ' Shirt Jeans Cargos Trousers Track Pants Shorts & 3/4th Jackets Ethnic Wear Winter wear Inner & Slee', 0, 88, 0, '', 3, '2020-08-19 03:33:41', '2020-08-18 20:33:41'),
(90, 'Ethnic Wear', 0, 6, 1, '', 1, '2020-08-19 03:39:13', '2020-08-18 20:39:13'),
(91, 'Western Wear', 0, 6, 1, '', 1, '2020-08-19 03:39:51', '2020-08-18 20:39:25'),
(92, 'Footwear', 0, 6, 1, '', 1, '2020-08-19 03:40:20', '2020-08-18 20:40:20'),
(93, 'All Jewellery', 0, 6, 1, '', 1, '2020-08-19 03:40:27', '2020-08-18 20:40:27'),
(94, 'Women\'s Watches', 0, 6, 1, '', 1, '2020-08-19 03:40:36', '2020-08-18 20:40:36'),
(95, 'Fashion Accessories', 0, 6, 1, '', 1, '2020-08-19 03:40:52', '2020-08-18 20:40:52'),
(96, 'Bags & luggage', 0, 6, 1, '', 1, '2020-08-19 03:41:00', '2020-08-18 20:41:00'),
(97, 'Kitchen & Dining', 0, 7, 1, '', 1, '2020-08-19 03:41:28', '2020-08-18 20:41:28'),
(98, 'Kitchen Appliances', 0, 7, 1, '', 1, '2020-08-19 03:41:40', '2020-08-18 20:41:40'),
(99, 'Home Furnishing', 0, 7, 1, '', 1, '2020-08-19 03:42:02', '2020-08-18 20:42:02'),
(100, 'Bathroom & Sanitaryware', 0, 7, 1, '', 1, '2020-08-19 03:43:32', '2020-08-18 20:43:32'),
(101, 'Lighting Solutions', 0, 7, 1, '', 1, '2020-08-19 03:43:41', '2020-08-18 20:43:41'),
(102, 'Tools & Hardware', 0, 7, 1, '', 1, '2020-08-19 03:43:49', '2020-08-18 20:43:49'),
(103, 'Home Improvement', 0, 7, 1, '', 1, '2020-08-19 03:43:57', '2020-08-18 20:43:57'),
(104, 'Decor', 0, 7, 1, '', 1, '2020-08-19 03:44:03', '2020-08-18 20:44:03'),
(105, 'Furniture', 0, 7, 1, '', 1, '2020-08-19 03:44:12', '2020-08-18 20:44:12'),
(106, 'Home Appliance', 0, 7, 1, '', 1, '2020-08-19 03:44:19', '2020-08-18 20:44:19'),
(107, 'TV & DTH', 0, 8, 1, '', 1, '2020-08-19 03:44:30', '2020-08-18 20:44:30'),
(108, 'Shop TV By Screen', 0, 8, 1, '', 1, '2020-08-19 03:44:44', '2020-08-18 20:44:44'),
(109, 'Large Home Appliances', 0, 8, 1, '', 1, '2020-08-19 03:44:55', '2020-08-18 20:44:55'),
(110, 'Refrigerators', 0, 8, 1, '', 1, '2020-08-19 03:45:08', '2020-08-18 20:45:08'),
(111, 'Washing Machine', 0, 8, 1, '', 1, '2020-08-19 03:45:24', '2020-08-18 20:45:24'),
(112, 'Large Kitchen Appliances', 0, 8, 1, '', 1, '2020-08-19 03:45:41', '2020-08-18 20:45:41'),
(113, 'Diet Nutrition', 0, 9, 1, '', 1, '2020-08-19 03:45:51', '2020-08-18 20:45:51'),
(114, 'Healthcare', 0, 9, 1, '', 1, '2020-08-19 03:45:59', '2020-08-18 20:45:59'),
(116, 'Fitness & Exercise', 0, 9, 1, '', 1, '2020-08-19 03:46:08', '2020-08-18 20:46:08'),
(117, 'Sports', 0, 9, 1, '', 1, '2020-08-19 03:46:19', '2020-08-18 20:46:19'),
(118, 'Car Accessories & Electronics', 0, 9, 1, '', 1, '2020-08-19 03:46:35', '2020-08-18 20:46:35'),
(119, 'Bike Accessories & more', 0, 9, 1, '', 1, '2020-08-19 03:46:44', '2020-08-18 20:46:44'),
(120, 'Beauty & Perfumes', 0, 9, 1, '', 1, '2020-08-19 03:46:53', '2020-08-18 20:46:53'),
(121, 'Grooming', 0, 9, 1, '', 3, '2020-08-19 03:47:03', '2020-08-18 20:47:03'),
(122, 'Daily Needs & Essentials', 0, 9, 1, '', 1, '2020-08-19 03:47:12', '2020-08-18 20:47:12'),
(123, 'Food and Beverage', 0, 10, 1, '', 1, '2020-08-19 03:47:25', '2020-08-18 20:47:25'),
(124, 'Grocery & Staples', 0, 10, 1, '', 1, '2020-08-19 03:47:42', '2020-08-18 20:47:42'),
(125, 'Household Supplies', 0, 10, 1, '', 1, '2020-08-19 03:47:52', '2020-08-18 20:47:52'),
(127, 'Grooming', 0, 9, 1, '', 1, '2020-08-19 05:17:50', '2020-08-18 22:17:50'),
(128, 'T-shirt', 0, 79, 0, '', 1, '2020-08-19 05:26:15', '2020-08-18 22:26:15'),
(129, 'Season Essentials', 0, 11, 1, '', 1, '2020-08-19 05:28:40', '2020-08-18 22:28:40'),
(130, 'Shirt', 0, 79, 0, '', 1, '2020-08-19 05:31:13', '2020-08-18 22:31:13'),
(131, 'Jeans', 0, 79, 0, '', 1, '2020-08-19 05:31:22', '2020-08-18 22:31:22'),
(132, 'Cargos', 0, 79, 0, '', 1, '2020-08-19 05:31:33', '2020-08-18 22:31:33'),
(133, 'Trousers', 0, 79, 0, '', 1, '2020-08-19 05:31:47', '2020-08-18 22:31:47'),
(134, 'Track Pants', 0, 79, 0, '', 1, '2020-08-19 05:31:54', '2020-08-18 22:31:54'),
(135, 'Shorts & 3/4th', 0, 79, 0, '', 1, '2020-08-19 05:32:04', '2020-08-18 22:32:04'),
(136, 'Jackets', 0, 79, 0, '', 1, '2020-08-19 05:32:18', '2020-08-18 22:32:18'),
(137, 'Ethnic Wear', 0, 79, 0, '', 1, '2020-08-19 05:32:27', '2020-08-18 22:32:27'),
(138, 'Winter wear', 0, 79, 0, '', 1, '2020-08-19 05:32:43', '2020-08-18 22:32:43'),
(139, 'Inner & Sleepwear', 0, 79, 0, '', 1, '2020-08-19 05:32:51', '2020-08-18 22:32:51'),
(140, '29K Store', 0, 79, 0, '', 1, '2020-08-19 05:32:59', '2020-08-18 22:32:59'),
(141, 'Watch Combos', 0, 80, 0, '', 1, '2020-08-19 05:33:23', '2020-08-18 22:33:23'),
(142, 'Couple Watches', 0, 80, 0, '', 1, '2020-08-19 05:33:34', '2020-08-18 22:33:34'),
(143, 'Fastrack, Sonata & More', 0, 80, 0, '', 1, '2020-08-19 05:33:52', '2020-08-18 22:33:52'),
(144, 'Budget Watches', 0, 80, 0, '', 1, '2020-08-19 05:34:00', '2020-08-18 22:34:00'),
(145, 'Smart Watches', 0, 80, 0, '', 1, '2020-08-19 05:34:10', '2020-08-18 22:34:10'),
(146, 'Fashion Jewellery', 0, 82, 0, '', 1, '2020-08-19 05:34:23', '2020-08-18 22:34:23'),
(147, 'Chains & Pendants', 0, 82, 0, '', 1, '2020-08-19 05:34:33', '2020-08-18 22:34:33'),
(148, 'Precious Jewellery', 0, 82, 0, '', 1, '2020-08-19 05:34:52', '2020-08-18 22:34:52'),
(149, 'Silver Jewellery', 0, 82, 0, '', 1, '2020-08-19 05:35:07', '2020-08-18 22:35:07'),
(150, 'Coins & Collectibles', 0, 82, 0, '', 1, '2020-08-19 05:35:16', '2020-08-18 22:35:16'),
(151, 'Fragrance Combos and Kits', 0, 83, 0, '', 1, '2020-08-19 05:35:30', '2020-08-18 22:35:30'),
(152, 'Deodorants', 0, 83, 0, '', 1, '2020-08-19 05:35:40', '2020-08-18 22:35:40'),
(153, 'Beard & Moustache Care', 0, 84, 0, '', 1, '2020-08-19 05:35:51', '2020-08-18 22:35:51'),
(154, 'Men\'s Shaving', 0, 84, 0, '', 1, '2020-08-19 05:36:02', '2020-08-18 22:36:02'),
(155, 'Grooming Appliances', 0, 84, 0, '', 1, '2020-08-19 05:36:27', '2020-08-18 22:36:27'),
(156, 'Bath Essentials', 0, 84, 0, '', 1, '2020-08-19 05:36:39', '2020-08-18 22:36:39'),
(157, 'Oral Care', 0, 84, 0, '', 1, '2020-08-19 05:36:50', '2020-08-18 22:36:50'),
(158, 'Skin Care', 0, 84, 0, '', 1, '2020-08-19 05:36:58', '2020-08-18 22:36:58'),
(159, 'Hair Care', 0, 84, 0, '', 1, '2020-08-19 05:37:07', '2020-08-18 22:37:07'),
(160, 'Sunglasses', 0, 85, 0, '', 1, '2020-08-19 05:37:24', '2020-08-18 22:37:24'),
(161, 'Spectacle Frames', 0, 85, 0, '', 1, '2020-08-19 05:37:32', '2020-08-18 22:37:32'),
(162, 'Wallets', 0, 86, 0, '', 1, '2020-08-19 05:37:41', '2020-08-18 22:37:41'),
(163, 'Belts', 0, 86, 0, '', 1, '2020-08-19 05:37:50', '2020-08-18 22:37:50'),
(164, 'Socks', 0, 86, 0, '', 1, '2020-08-19 05:38:01', '2020-08-18 22:38:01'),
(165, 'Caps', 0, 86, 0, '', 1, '2020-08-19 05:38:12', '2020-08-18 22:38:12'),
(166, 'Winter Accessories', 0, 86, 0, '', 1, '2020-08-19 05:38:27', '2020-08-18 22:38:27'),
(167, 'Men\'s Accessories Gift Sets', 0, 86, 0, '', 1, '2020-08-19 05:38:37', '2020-08-18 22:38:37'),
(168, 'Backpacks & Laptop Bags', 0, 87, 0, '', 1, '2020-08-19 05:38:51', '2020-08-18 22:38:51'),
(169, 'Gym Bags', 0, 87, 0, '', 1, '2020-08-19 05:39:12', '2020-08-18 22:39:12'),
(170, 'Trolleys & Duffle Bags', 0, 87, 0, '', 1, '2020-08-19 05:39:20', '2020-08-18 22:39:20'),
(171, 'Travel Accessories', 0, 87, 0, '', 1, '2020-08-19 05:39:29', '2020-08-18 22:39:29'),
(172, 'Messenger Bags', 0, 87, 0, '', 1, '2020-08-19 05:39:40', '2020-08-18 22:39:40'),
(173, 'Sarees', 0, 90, 0, '', 1, '2020-08-19 05:39:54', '2020-08-18 22:39:54'),
(174, 'Kurtas & Kurtis', 0, 90, 0, '', 1, '2020-08-19 05:40:04', '2020-08-18 22:40:04'),
(175, 'Kurtas & Kurtis', 0, 90, 0, '', 1, '2020-08-19 05:40:04', '2020-08-18 22:40:04'),
(176, 'Lehengas & Party Gowns', 0, 90, 0, '', 1, '2020-08-19 05:40:18', '2020-08-18 22:40:18'),
(177, 'Tops & Tees', 0, 91, 0, '', 1, '2020-08-19 05:40:46', '2020-08-18 22:40:46'),
(178, 'Dresses', 0, 91, 0, '', 1, '2020-08-19 05:46:05', '2020-08-18 22:46:05'),
(179, 'Jeans & Jeggings', 0, 91, 0, '', 1, '2020-08-19 05:46:17', '2020-08-18 22:46:17'),
(180, 'Casual Shoes', 0, 92, 0, '', 1, '2020-08-19 05:46:33', '2020-08-18 22:46:33'),
(181, 'Flats & Sandals', 0, 92, 0, '', 1, '2020-08-19 05:46:41', '2020-08-18 22:46:41'),
(182, 'Women\'s Heels & Pumps', 0, 92, 0, '', 1, '2020-08-19 05:46:50', '2020-08-18 22:46:50'),
(183, 'Women Sports Shoes', 0, 92, 0, '', 1, '2020-08-19 05:46:58', '2020-08-18 22:46:58'),
(184, 'Fashion Jewellery', 0, 93, 0, '', 1, '2020-08-19 05:47:20', '2020-08-18 22:47:20'),
(185, 'Pendant & Necklace Sets', 0, 93, 0, '', 1, '2020-08-19 05:47:41', '2020-08-18 22:47:41'),
(186, 'Casual Wear Watches', 0, 94, 0, '', 1, '2020-08-19 05:47:56', '2020-08-18 22:47:56'),
(187, 'Office Wear Watches', 0, 94, 0, '', 1, '2020-08-19 05:48:17', '2020-08-18 22:48:17'),
(188, 'Socks & Stockings', 0, 86, 0, '', 1, '2020-08-19 06:03:42', '2020-08-18 23:03:42'),
(189, 'Hair Accessories', 0, 95, 0, '', 1, '2020-08-19 06:07:22', '2020-08-18 23:07:22'),
(190, 'Backpacks & Laptop Bags', 0, 96, 0, '', 1, '2020-08-19 06:07:41', '2020-08-18 23:07:41'),
(191, 'Dinner sets', 0, 97, 0, '', 1, '2020-08-19 06:08:16', '2020-08-18 23:08:16'),
(192, 'Cookware', 0, 97, 0, '', 1, '2020-08-19 06:08:32', '2020-08-18 23:08:32'),
(193, 'Gas Cooktops', 0, 98, 0, '', 1, '2020-08-19 06:08:46', '2020-08-18 23:08:46'),
(194, 'Home Berry', 0, 99, 0, '', 1, '2020-08-19 06:09:26', '2020-08-18 23:09:26'),
(195, 'Sanitaryware', 0, 100, 0, '', 1, '2020-08-19 06:09:49', '2020-08-18 23:09:49'),
(196, 'Led bulbs', 0, 101, 0, '', 1, '2020-08-19 06:10:04', '2020-08-18 23:10:04'),
(197, 'Hand Tools', 0, 102, 0, '', 1, '2020-08-19 06:16:10', '2020-08-18 23:16:10'),
(198, 'Cleaning Supplies', 0, 103, 0, '', 1, '2020-08-19 06:16:56', '2020-08-18 23:16:56'),
(199, 'Television', 0, 107, 0, '', 1, '2020-08-19 06:21:10', '2020-08-18 23:21:10'),
(200, 'Below 32 Inch', 0, 108, 0, '', 1, '2020-08-19 06:21:29', '2020-08-18 23:21:29'),
(201, 'Air Conditioners', 0, 109, 0, '', 1, '2020-08-19 06:21:40', '2020-08-18 23:21:40'),
(202, 'Single Door', 0, 110, 0, '', 1, '2020-08-19 06:21:53', '2020-08-18 23:21:53'),
(203, 'Semi Automatic', 0, 111, 0, '', 1, '2020-08-19 06:22:08', '2020-08-18 23:22:08'),
(204, 'Chimney & Hoods', 0, 112, 0, '', 1, '2020-08-19 06:22:20', '2020-08-18 23:22:20'),
(205, 'Whey Protein', 0, 113, 0, '', 1, '2020-08-19 06:22:40', '2020-08-18 23:22:40'),
(206, 'Flu Care', 0, 114, 0, '', 1, '2020-08-19 06:23:21', '2020-08-18 23:23:21'),
(207, 'Ab Exercisers', 0, 116, 0, '', 1, '2020-08-19 06:24:39', '2020-08-18 23:24:39'),
(208, 'Cricket Bats', 0, 117, 0, '', 1, '2020-08-19 06:25:49', '2020-08-18 23:25:49'),
(209, 'Perfumes & Fresheners', 0, 118, 0, '', 1, '2020-08-19 06:26:01', '2020-08-18 23:26:01'),
(210, 'Bike Body Covers', 0, 119, 0, '', 1, '2020-08-19 06:26:15', '2020-08-18 23:26:15'),
(211, 'Skin Care', 0, 120, 0, '', 1, '2020-08-19 06:26:25', '2020-08-18 23:26:25'),
(212, 'Fragrance Combos and Kits', 0, 127, 0, '', 1, '2020-08-19 06:26:49', '2020-08-18 23:26:49'),
(213, 'Oils & Vinegars', 0, 123, 0, '', 1, '2020-08-19 06:29:24', '2020-08-18 23:29:24'),
(214, 'Pastas & Noodles', 0, 123, 0, '', 1, '2020-08-19 06:29:34', '2020-08-18 23:29:34'),
(215, 'Coffee & Tea', 0, 123, 0, '', 1, '2020-08-19 06:29:46', '2020-08-18 23:29:46'),
(216, 'Cakes Biscuits & Chips', 0, 123, 0, '', 1, '2020-08-19 06:29:56', '2020-08-18 23:29:56'),
(217, 'Rice & Flours', 0, 124, 0, '', 1, '2020-08-19 06:30:12', '2020-08-18 23:30:12'),
(218, 'Laundry and Detergents', 0, 125, 0, '', 1, '2020-08-19 06:30:24', '2020-08-18 23:30:24'),
(219, 'Womens Tops & Skirts', 0, 129, 0, '', 1, '2020-08-19 06:30:53', '2020-08-18 23:30:53'),
(220, 'FlipFlops', 0, 129, 0, '', 1, '2020-08-19 06:31:03', '2020-08-18 23:31:03'),
(221, 'Mens Shorts', 0, 129, 0, '', 1, '2020-08-19 06:31:14', '2020-08-18 23:31:14');

-- --------------------------------------------------------

--
-- Table structure for table `categories_percentage`
--

CREATE TABLE `categories_percentage` (
  `id` int(11) NOT NULL,
  `category` varchar(255) NOT NULL,
  `percentage` float NOT NULL,
  `status` int(11) NOT NULL
) ENGINE=InnoDB DEFAULT CHARSET=utf8;

--
-- Dumping data for table `categories_percentage`
--

INSERT INTO `categories_percentage` (`id`, `category`, `percentage`, `status`) VALUES
(1, 'Auto Accessories', 12, 0),
(2, 'Bags and Luggage', 6, 0),
(3, 'Beauty Products', 4, 0),
(4, 'Books (upto 1000)', 6, 0),
(5, 'Books (1000+)', 11, 0),
(6, 'Cameras', 4, 0),
(7, 'Camera lenses', 6, 0),
(8, 'Camera Accessories', 10.5, 0),
(9, 'Apparel (upto 500)', 11.5, 0),
(10, 'Apparel ( 500+)', 14.5, 0),
(11, 'Apparel Accessories', 14.5, 0),
(12, 'Apparel Innerwear', 10.5, 0),
(13, 'Computer & Electronic Accessories & components', 14.5, 0),
(14, 'Computer projector & presenter', 6, 0),
(15, 'Computers & laptop', 4, 0),
(16, 'Electronics', 6, 0),
(17, 'Extended Warrenty Service', 20, 0),
(18, 'Fashion Accessories', 18, 0),
(19, 'Decor', 20, 0),
(20, 'Fashion Jwellery', 25, 0),
(21, 'Fragrance', 11, 0),
(22, 'Furniture', 13, 0),
(23, 'Gaming', 12, 0),
(24, 'Gifts', 15, 0),
(25, 'Gold & Diamond Jwelley', 10, 0),
(26, 'Gold & Silver Coins', 5, 0),
(27, 'Grocery', 10, 0),
(28, 'Hard Drives', 10, 0),
(29, 'Health & Nutritions', 15, 0),
(30, 'Home and Kitchen', 18, 0),
(31, 'Home Appliances', 8, 0),
(32, 'Kids Apparel', 15, 0),
(33, 'Mobile & Tablets', 6, 0),
(34, 'Mobile Accessories', 22, 0),
(35, 'Moniters', 6, 0),
(36, 'Movies & Musics', 15, 0),
(37, 'Networking Communication', 6, 0),
(38, 'Pendrives & Memory Cards', 4, 0),
(39, 'Pet Supplies', 12, 0),
(40, 'Printers and Scanners', 6, 0),
(41, 'Footwear', 15, 0),
(42, 'Sports & Health', 17, 0),
(43, 'Toys', 12, 0),
(44, 'Watches', 22, 0),
(45, 'Women Ethnic Wear', 15, 0);

-- --------------------------------------------------------

--
-- Table structure for table `colors`
--

CREATE TABLE `colors` (
  `id` int(11) NOT NULL,
  `name` varchar(30) COLLATE utf8_unicode_ci DEFAULT NULL,
  `code` varchar(10) COLLATE utf8_unicode_ci DEFAULT NULL,
  `created_at` timestamp NOT NULL DEFAULT CURRENT_TIMESTAMP,
  `updated_at` timestamp NOT NULL DEFAULT CURRENT_TIMESTAMP
) ENGINE=InnoDB DEFAULT CHARSET=utf8 COLLATE=utf8_unicode_ci;

--
-- Dumping data for table `colors`
--

INSERT INTO `colors` (`id`, `name`, `code`, `created_at`, `updated_at`) VALUES
(1, 'IndianRed', '#CD5C5C', '2018-11-05 02:12:26', '2018-11-05 02:12:26'),
(2, 'LightCoral', '#F08080', '2018-11-05 02:12:26', '2018-11-05 02:12:26'),
(3, 'Salmon', '#FA8072', '2018-11-05 02:12:26', '2018-11-05 02:12:26'),
(4, 'DarkSalmon', '#E9967A', '2018-11-05 02:12:26', '2018-11-05 02:12:26'),
(5, 'LightSalmon', '#FFA07A', '2018-11-05 02:12:26', '2018-11-05 02:12:26'),
(6, 'Crimson', '#DC143C', '2018-11-05 02:12:26', '2018-11-05 02:12:26'),
(7, 'Red', '#FF0000', '2018-11-05 02:12:26', '2018-11-05 02:12:26'),
(8, 'FireBrick', '#B22222', '2018-11-05 02:12:26', '2018-11-05 02:12:26'),
(9, 'DarkRed', '#8B0000', '2018-11-05 02:12:26', '2018-11-05 02:12:26'),
(10, 'Pink', '#FFC0CB', '2018-11-05 02:12:26', '2018-11-05 02:12:26'),
(11, 'LightPink', '#FFB6C1', '2018-11-05 02:12:26', '2018-11-05 02:12:26'),
(12, 'HotPink', '#FF69B4', '2018-11-05 02:12:26', '2018-11-05 02:12:26'),
(13, 'DeepPink', '#FF1493', '2018-11-05 02:12:26', '2018-11-05 02:12:26'),
(14, 'MediumVioletRed', '#C71585', '2018-11-05 02:12:26', '2018-11-05 02:12:26'),
(15, 'PaleVioletRed', '#DB7093', '2018-11-05 02:12:26', '2018-11-05 02:12:26'),
(16, 'LightSalmon', '#FFA07A', '2018-11-05 02:12:26', '2018-11-05 02:12:26'),
(17, 'Coral', '#FF7F50', '2018-11-05 02:12:26', '2018-11-05 02:12:26'),
(18, 'Tomato', '#FF6347', '2018-11-05 02:12:26', '2018-11-05 02:12:26'),
(19, 'OrangeRed', '#FF4500', '2018-11-05 02:12:26', '2018-11-05 02:12:26'),
(20, 'DarkOrange', '#FF8C00', '2018-11-05 02:12:26', '2018-11-05 02:12:26'),
(21, 'Orange', '#FFA500', '2018-11-05 02:12:26', '2018-11-05 02:12:26'),
(22, 'Gold', '#FFD700', '2018-11-05 02:12:26', '2018-11-05 02:12:26'),
(23, 'Yellow', '#FFFF00', '2018-11-05 02:12:26', '2018-11-05 02:12:26'),
(24, 'LightYellow', '#FFFFE0', '2018-11-05 02:12:26', '2018-11-05 02:12:26'),
(25, 'LemonChiffon', '#FFFACD', '2018-11-05 02:12:26', '2018-11-05 02:12:26'),
(26, 'LightGoldenrodYellow', '#FAFAD2', '2018-11-05 02:12:27', '2018-11-05 02:12:27'),
(27, 'PapayaWhip', '#FFEFD5', '2018-11-05 02:12:27', '2018-11-05 02:12:27'),
(28, 'Moccasin', '#FFE4B5', '2018-11-05 02:12:27', '2018-11-05 02:12:27'),
(29, 'PeachPuff', '#FFDAB9', '2018-11-05 02:12:27', '2018-11-05 02:12:27'),
(30, 'PaleGoldenrod', '#EEE8AA', '2018-11-05 02:12:27', '2018-11-05 02:12:27'),
(31, 'Khaki', '#F0E68C', '2018-11-05 02:12:27', '2018-11-05 02:12:27'),
(32, 'DarkKhaki', '#BDB76B', '2018-11-05 02:12:27', '2018-11-05 02:12:27'),
(33, 'Lavender', '#E6E6FA', '2018-11-05 02:12:27', '2018-11-05 02:12:27'),
(34, 'Thistle', '#D8BFD8', '2018-11-05 02:12:27', '2018-11-05 02:12:27'),
(35, 'Plum', '#DDA0DD', '2018-11-05 02:12:27', '2018-11-05 02:12:27'),
(36, 'Violet', '#EE82EE', '2018-11-05 02:12:27', '2018-11-05 02:12:27'),
(37, 'Orchid', '#DA70D6', '2018-11-05 02:12:27', '2018-11-05 02:12:27'),
(38, 'Fuchsia', '#FF00FF', '2018-11-05 02:12:27', '2018-11-05 02:12:27'),
(39, 'Magenta', '#FF00FF', '2018-11-05 02:12:27', '2018-11-05 02:12:27'),
(40, 'MediumOrchid', '#BA55D3', '2018-11-05 02:12:27', '2018-11-05 02:12:27'),
(41, 'MediumPurple', '#9370DB', '2018-11-05 02:12:27', '2018-11-05 02:12:27'),
(42, 'Amethyst', '#9966CC', '2018-11-05 02:12:27', '2018-11-05 02:12:27'),
(43, 'BlueViolet', '#8A2BE2', '2018-11-05 02:12:27', '2018-11-05 02:12:27'),
(44, 'DarkViolet', '#9400D3', '2018-11-05 02:12:27', '2018-11-05 02:12:27'),
(45, 'DarkOrchid', '#9932CC', '2018-11-05 02:12:27', '2018-11-05 02:12:27'),
(46, 'DarkMagenta', '#8B008B', '2018-11-05 02:12:27', '2018-11-05 02:12:27'),
(47, 'Purple', '#800080', '2018-11-05 02:12:27', '2018-11-05 02:12:27'),
(48, 'Indigo', '#4B0082', '2018-11-05 02:12:27', '2018-11-05 02:12:27'),
(49, 'SlateBlue', '#6A5ACD', '2018-11-05 02:12:27', '2018-11-05 02:12:27'),
(50, 'DarkSlateBlue', '#483D8B', '2018-11-05 02:12:27', '2018-11-05 02:12:27'),
(51, 'MediumSlateBlue', '#7B68EE', '2018-11-05 02:12:27', '2018-11-05 02:12:27'),
(52, 'GreenYellow', '#ADFF2F', '2018-11-05 02:12:27', '2018-11-05 02:12:27'),
(53, 'Chartreuse', '#7FFF00', '2018-11-05 02:12:27', '2018-11-05 02:12:27'),
(54, 'LawnGreen', '#7CFC00', '2018-11-05 02:12:27', '2018-11-05 02:12:27'),
(55, 'Lime', '#00FF00', '2018-11-05 02:12:27', '2018-11-05 02:12:27'),
(56, 'LimeGreen', '#32CD32', '2018-11-05 02:12:27', '2018-11-05 02:12:27'),
(57, 'PaleGreen', '#98FB98', '2018-11-05 02:12:27', '2018-11-05 02:12:27'),
(58, 'LightGreen', '#90EE90', '2018-11-05 02:12:27', '2018-11-05 02:12:27'),
(59, 'MediumSpringGreen', '#00FA9A', '2018-11-05 02:12:27', '2018-11-05 02:12:27'),
(60, 'SpringGreen', '#00FF7F', '2018-11-05 02:12:27', '2018-11-05 02:12:27'),
(61, 'MediumSeaGreen', '#3CB371', '2018-11-05 02:12:27', '2018-11-05 02:12:27'),
(62, 'SeaGreen', '#2E8B57', '2018-11-05 02:12:27', '2018-11-05 02:12:27'),
(63, 'ForestGreen', '#228B22', '2018-11-05 02:12:28', '2018-11-05 02:12:28'),
(64, 'Green', '#008000', '2018-11-05 02:12:28', '2018-11-05 02:12:28'),
(65, 'DarkGreen', '#006400', '2018-11-05 02:12:28', '2018-11-05 02:12:28'),
(66, 'YellowGreen', '#9ACD32', '2018-11-05 02:12:28', '2018-11-05 02:12:28'),
(67, 'OliveDrab', '#6B8E23', '2018-11-05 02:12:28', '2018-11-05 02:12:28'),
(68, 'Olive', '#808000', '2018-11-05 02:12:28', '2018-11-05 02:12:28'),
(69, 'DarkOliveGreen', '#556B2F', '2018-11-05 02:12:28', '2018-11-05 02:12:28'),
(70, 'MediumAquamarine', '#66CDAA', '2018-11-05 02:12:28', '2018-11-05 02:12:28'),
(71, 'DarkSeaGreen', '#8FBC8F', '2018-11-05 02:12:28', '2018-11-05 02:12:28'),
(72, 'LightSeaGreen', '#20B2AA', '2018-11-05 02:12:28', '2018-11-05 02:12:28'),
(73, 'DarkCyan', '#008B8B', '2018-11-05 02:12:28', '2018-11-05 02:12:28'),
(74, 'Teal', '#008080', '2018-11-05 02:12:28', '2018-11-05 02:12:28'),
(75, 'Aqua', '#00FFFF', '2018-11-05 02:12:28', '2018-11-05 02:12:28'),
(76, 'Cyan', '#00FFFF', '2018-11-05 02:12:28', '2018-11-05 02:12:28'),
(77, 'LightCyan', '#E0FFFF', '2018-11-05 02:12:28', '2018-11-05 02:12:28'),
(78, 'PaleTurquoise', '#AFEEEE', '2018-11-05 02:12:28', '2018-11-05 02:12:28'),
(79, 'Aquamarine', '#7FFFD4', '2018-11-05 02:12:28', '2018-11-05 02:12:28'),
(80, 'Turquoise', '#40E0D0', '2018-11-05 02:12:28', '2018-11-05 02:12:28'),
(81, 'MediumTurquoise', '#48D1CC', '2018-11-05 02:12:28', '2018-11-05 02:12:28'),
(82, 'DarkTurquoise', '#00CED1', '2018-11-05 02:12:28', '2018-11-05 02:12:28'),
(83, 'CadetBlue', '#5F9EA0', '2018-11-05 02:12:28', '2018-11-05 02:12:28'),
(84, 'SteelBlue', '#4682B4', '2018-11-05 02:12:28', '2018-11-05 02:12:28'),
(85, 'LightSteelBlue', '#B0C4DE', '2018-11-05 02:12:28', '2018-11-05 02:12:28'),
(86, 'PowderBlue', '#B0E0E6', '2018-11-05 02:12:28', '2018-11-05 02:12:28'),
(87, 'LightBlue', '#ADD8E6', '2018-11-05 02:12:28', '2018-11-05 02:12:28'),
(88, 'SkyBlue', '#87CEEB', '2018-11-05 02:12:28', '2018-11-05 02:12:28'),
(89, 'LightSkyBlue', '#87CEFA', '2018-11-05 02:12:28', '2018-11-05 02:12:28'),
(90, 'DeepSkyBlue', '#00BFFF', '2018-11-05 02:12:28', '2018-11-05 02:12:28'),
(91, 'DodgerBlue', '#1E90FF', '2018-11-05 02:12:28', '2018-11-05 02:12:28'),
(92, 'CornflowerBlue', '#6495ED', '2018-11-05 02:12:28', '2018-11-05 02:12:28'),
(93, 'MediumSlateBlue', '#7B68EE', '2018-11-05 02:12:28', '2018-11-05 02:12:28'),
(94, 'RoyalBlue', '#4169E1', '2018-11-05 02:12:28', '2018-11-05 02:12:28'),
(95, 'Blue', '#0000FF', '2018-11-05 02:12:28', '2018-11-05 02:12:28'),
(96, 'MediumBlue', '#0000CD', '2018-11-05 02:12:28', '2018-11-05 02:12:28'),
(97, 'DarkBlue', '#00008B', '2018-11-05 02:12:28', '2018-11-05 02:12:28'),
(98, 'Navy', '#000080', '2018-11-05 02:12:28', '2018-11-05 02:12:28'),
(99, 'MidnightBlue', '#191970', '2018-11-05 02:12:29', '2018-11-05 02:12:29'),
(100, 'Cornsilk', '#FFF8DC', '2018-11-05 02:12:29', '2018-11-05 02:12:29'),
(101, 'BlanchedAlmond', '#FFEBCD', '2018-11-05 02:12:29', '2018-11-05 02:12:29'),
(102, 'Bisque', '#FFE4C4', '2018-11-05 02:12:29', '2018-11-05 02:12:29'),
(103, 'NavajoWhite', '#FFDEAD', '2018-11-05 02:12:29', '2018-11-05 02:12:29'),
(104, 'Wheat', '#F5DEB3', '2018-11-05 02:12:29', '2018-11-05 02:12:29'),
(105, 'BurlyWood', '#DEB887', '2018-11-05 02:12:29', '2018-11-05 02:12:29'),
(106, 'Tan', '#D2B48C', '2018-11-05 02:12:29', '2018-11-05 02:12:29'),
(107, 'RosyBrown', '#BC8F8F', '2018-11-05 02:12:29', '2018-11-05 02:12:29'),
(108, 'SandyBrown', '#F4A460', '2018-11-05 02:12:29', '2018-11-05 02:12:29'),
(109, 'Goldenrod', '#DAA520', '2018-11-05 02:12:29', '2018-11-05 02:12:29'),
(110, 'DarkGoldenrod', '#B8860B', '2018-11-05 02:12:29', '2018-11-05 02:12:29'),
(111, 'Peru', '#CD853F', '2018-11-05 02:12:29', '2018-11-05 02:12:29'),
(112, 'Chocolate', '#D2691E', '2018-11-05 02:12:29', '2018-11-05 02:12:29'),
(113, 'SaddleBrown', '#8B4513', '2018-11-05 02:12:29', '2018-11-05 02:12:29'),
(114, 'Sienna', '#A0522D', '2018-11-05 02:12:29', '2018-11-05 02:12:29'),
(115, 'Brown', '#A52A2A', '2018-11-05 02:12:29', '2018-11-05 02:12:29'),
(116, 'Maroon', '#800000', '2018-11-05 02:12:29', '2018-11-05 02:12:29'),
(117, 'White', '#FFFFFF', '2018-11-05 02:12:29', '2018-11-05 02:12:29'),
(118, 'Snow', '#FFFAFA', '2018-11-05 02:12:29', '2018-11-05 02:12:29'),
(119, 'Honeydew', '#F0FFF0', '2018-11-05 02:12:29', '2018-11-05 02:12:29'),
(120, 'MintCream', '#F5FFFA', '2018-11-05 02:12:29', '2018-11-05 02:12:29'),
(121, 'Azure', '#F0FFFF', '2018-11-05 02:12:29', '2018-11-05 02:12:29'),
(122, 'AliceBlue', '#F0F8FF', '2018-11-05 02:12:29', '2018-11-05 02:12:29'),
(123, 'GhostWhite', '#F8F8FF', '2018-11-05 02:12:29', '2018-11-05 02:12:29'),
(124, 'WhiteSmoke', '#F5F5F5', '2018-11-05 02:12:29', '2018-11-05 02:12:29'),
(125, 'Seashell', '#FFF5EE', '2018-11-05 02:12:29', '2018-11-05 02:12:29'),
(126, 'Beige', '#F5F5DC', '2018-11-05 02:12:29', '2018-11-05 02:12:29'),
(127, 'OldLace', '#FDF5E6', '2018-11-05 02:12:29', '2018-11-05 02:12:29'),
(128, 'FloralWhite', '#FFFAF0', '2018-11-05 02:12:29', '2018-11-05 02:12:29'),
(129, 'Ivory', '#FFFFF0', '2018-11-05 02:12:30', '2018-11-05 02:12:30'),
(130, 'AntiqueWhite', '#FAEBD7', '2018-11-05 02:12:30', '2018-11-05 02:12:30'),
(131, 'Linen', '#FAF0E6', '2018-11-05 02:12:30', '2018-11-05 02:12:30'),
(132, 'LavenderBlush', '#FFF0F5', '2018-11-05 02:12:30', '2018-11-05 02:12:30'),
(133, 'MistyRose', '#FFE4E1', '2018-11-05 02:12:30', '2018-11-05 02:12:30'),
(134, 'Gainsboro', '#DCDCDC', '2018-11-05 02:12:30', '2018-11-05 02:12:30'),
(135, 'LightGrey', '#D3D3D3', '2018-11-05 02:12:30', '2018-11-05 02:12:30'),
(136, 'Silver', '#C0C0C0', '2018-11-05 02:12:30', '2018-11-05 02:12:30'),
(137, 'DarkGray', '#A9A9A9', '2018-11-05 02:12:30', '2018-11-05 02:12:30'),
(138, 'Gray', '#808080', '2018-11-05 02:12:30', '2018-11-05 02:12:30'),
(139, 'DimGray', '#696969', '2018-11-05 02:12:30', '2018-11-05 02:12:30'),
(140, 'LightSlateGray', '#778899', '2018-11-05 02:12:30', '2018-11-05 02:12:30'),
(141, 'SlateGray', '#708090', '2018-11-05 02:12:30', '2018-11-05 02:12:30'),
(142, 'DarkSlateGray', '#2F4F4F', '2018-11-05 02:12:30', '2018-11-05 02:12:30'),
(143, 'Black', '#000000', '2018-11-05 02:12:30', '2018-11-05 02:12:30');

-- --------------------------------------------------------

--
-- Table structure for table `common_setting`
--

CREATE TABLE `common_setting` (
  `id` int(11) NOT NULL,
  `option_name` varchar(255) NOT NULL,
  `option_value` text NOT NULL,
  `status` int(11) NOT NULL DEFAULT '1'
) ENGINE=InnoDB DEFAULT CHARSET=utf8;

--
-- Dumping data for table `common_setting`
--

INSERT INTO `common_setting` (`id`, `option_name`, `option_value`, `status`) VALUES
(1, 'backedn_login_background_image', 'parraback.jpg', 1),
(2, 'site_title', 'INDOCLIQ', 1),
(3, 'backlogo', 'Webp_net-resizeimage_(2)1.png', 1),
(4, 'front_logo', 'Webp_net-resizeimage_(2).png', 1),
(5, 'facebook_url', 'nirbhay gander', 1),
(6, 'linkedin_url', 'https://in.linkedin.com/', 1),
(7, 'instagram_url', 'https://www.facebook.com/', 1),
(8, 'twitter_url', 'https://www.facebook.com/', 1),
(11, 'email', 'nirbhay.espsofttech1@gmail.com', 1),
(12, 'address', '155,vijay nagar indore, 155,vijay nagar indore', 1),
(13, 'mobile_no', '08962327488', 1);

-- --------------------------------------------------------

--
-- Table structure for table `contactus`
--

CREATE TABLE `contactus` (
  `id` int(11) NOT NULL,
  `name` varchar(255) NOT NULL,
  `email` varchar(255) NOT NULL,
  `number` int(11) NOT NULL,
  `message` varchar(255) NOT NULL,
  `create_date` datetime NOT NULL
) ENGINE=InnoDB DEFAULT CHARSET=utf8;

--
-- Dumping data for table `contactus`
--

INSERT INTO `contactus` (`id`, `name`, `email`, `number`, `message`, `create_date`) VALUES
(13, 'des', 'as@ds.com', 798789797, 'sdfsdf', '0000-00-00 00:00:00'),
(14, 'dsf', 'nirbhay.espsofttech@gmail.com', 2147483647, 'dsf', '0000-00-00 00:00:00'),
(15, 'dsf', 'nirbhay.espsofttech@gmail.com', 2147483647, 'dsf', '0000-00-00 00:00:00'),
(16, 'dsf', 'nirbhay.espsofttech@gmail.com', 2147483647, 'dsf', '0000-00-00 00:00:00'),
(17, 'dsf', 'nirbhay.espsofttech@gmail.com', 2147483647, 'dsf', '0000-00-00 00:00:00'),
(18, 'dsf', 'nirbhay.espsofttech@gmail.com', 2147483647, 'dsf', '0000-00-00 00:00:00'),
(19, 'dsf', 'nirbhay.espsofttech@gmail.com', 2147483647, 'dsf', '0000-00-00 00:00:00'),
(20, 'nirbhay gander', 'nirbhay.itspark@gmail.com', 2147483647, 'dsf', '0000-00-00 00:00:00'),
(21, 'nirbhay gander', 'nirbhay.itspark@gmail.com', 2147483647, 'dsf', '0000-00-00 00:00:00'),
(22, 'nirbhay gander', 'nirbhay.itspark@gmail.com', 2147483647, '', '0000-00-00 00:00:00'),
(23, 'nirbhay gander', 'nirbhay.itspark@gmail.com', 2147483647, '', '0000-00-00 00:00:00'),
(24, 'nirbhay gander', 'nirbhay.itspark@gmail.com', 2147483647, '', '0000-00-00 00:00:00'),
(25, 'nirbhay gander', 'nirbhay.itspark@gmail.com', 2147483647, ' bf', '0000-00-00 00:00:00'),
(26, 'nirbhay gander', 'nirbhay.itspark@gmail.com', 2147483647, ' bf', '0000-00-00 00:00:00'),
(27, 'nirbhay gander', 'nirbhay.itspark@gmail.com', 2147483647, ' bf', '0000-00-00 00:00:00'),
(28, 'nirbhay gander', 'nirbhay.itspark@gmail.com', 2147483647, '', '0000-00-00 00:00:00'),
(29, 'Imperfect', 'shruti.jain590@gmail.com', 2147483647, 'sdf', '0000-00-00 00:00:00'),
(30, 'shruti jain', 'shruti.jain590@gmail.com', 2147483647, 'sdf', '0000-00-00 00:00:00'),
(31, 'nirbhay gander', 'nirbhay.itspark@gmail.com', 2147483647, 'sdf', '0000-00-00 00:00:00'),
(32, 'nirbhay gander', 'nirbhay.itspark@gmail.com', 2147483647, 'sdf', '0000-00-00 00:00:00'),
(33, 'nirbhay gander', 'nirbhay.itspark@gmail.com', 2147483647, 'sdf', '0000-00-00 00:00:00'),
(34, 'nirbhay', 'nirbhay.espsofttech@gmail.com', 2147483647, 'dfg', '0000-00-00 00:00:00'),
(35, 'sdsd', 'sd', 0, 'sd', '0000-00-00 00:00:00'),
(36, 'wewewe', 'eas@sdfsd', 2147483647, 'sdsd', '0000-00-00 00:00:00');

-- --------------------------------------------------------

--
-- Table structure for table `coupons`
--

CREATE TABLE `coupons` (
  `id` int(11) NOT NULL,
  `added_by` enum('shop','admin') NOT NULL,
  `added_by_id` int(11) NOT NULL,
  `coupon_code` varchar(100) NOT NULL,
  `start_date` date NOT NULL,
  `end_date` date NOT NULL,
  `status` int(11) NOT NULL,
  `offer_amount` float NOT NULL,
  `offer_amount_type` varchar(255) NOT NULL,
  `min_total_amount` float NOT NULL,
  `coupon_policy` text NOT NULL,
  `create_date` datetime NOT NULL
) ENGINE=InnoDB DEFAULT CHARSET=utf8;

--
-- Dumping data for table `coupons`
--

INSERT INTO `coupons` (`id`, `added_by`, `added_by_id`, `coupon_code`, `start_date`, `end_date`, `status`, `offer_amount`, `offer_amount_type`, `min_total_amount`, `coupon_policy`, `create_date`) VALUES
(1, 'shop', 5, 'ITS150', '2020-01-03', '2020-09-30', 1, 10, '1', 500, '', '2019-12-12 13:47:09'),
(2, 'shop', 11, 'F50', '2020-01-03', '2020-09-30', 1, 10, '1', 200, '', '2020-06-22 07:49:44');

-- --------------------------------------------------------

--
-- Table structure for table `deliveryboys`
--

CREATE TABLE `deliveryboys` (
  `id` int(11) NOT NULL,
  `reg_id` varchar(250) NOT NULL,
  `name` varchar(250) NOT NULL,
  `email` varchar(250) NOT NULL,
  `password` varchar(250) NOT NULL,
  `show_password` varchar(250) NOT NULL,
  `mobile_no` bigint(20) NOT NULL,
  `image` varchar(250) NOT NULL,
  `house_no` varchar(250) NOT NULL,
  `adhar_image` varchar(255) NOT NULL,
  `id_proof_type` enum('adhar_card','pan_card','voter_id','driving_licence') NOT NULL,
  `id_proof_id` int(11) NOT NULL,
  `id_proof_image` varchar(255) NOT NULL,
  `id_proof_status` int(11) NOT NULL,
  `address` text NOT NULL,
  `zipcode` int(11) NOT NULL,
  `latitude` varchar(250) NOT NULL,
  `longitude` varchar(250) NOT NULL,
  `device_id` varchar(250) NOT NULL COMMENT '1="android" 2="ios"',
  `device_type` varchar(250) NOT NULL,
  `fcm_token` text NOT NULL,
  `bank_name` varchar(100) NOT NULL,
  `bank_acc_no` varchar(255) NOT NULL,
  `bank_ifsc_code` varchar(100) NOT NULL,
  `bank_branch` varchar(255) NOT NULL,
  `cancel_check_images` varchar(255) NOT NULL,
  `status` int(11) NOT NULL DEFAULT '0' COMMENT '0="Deactive" 1="Active" 3="Delete"',
  `create_date` datetime NOT NULL,
  `modify_date` timestamp NOT NULL DEFAULT CURRENT_TIMESTAMP
) ENGINE=InnoDB DEFAULT CHARSET=utf8;

--
-- Dumping data for table `deliveryboys`
--

INSERT INTO `deliveryboys` (`id`, `reg_id`, `name`, `email`, `password`, `show_password`, `mobile_no`, `image`, `house_no`, `adhar_image`, `id_proof_type`, `id_proof_id`, `id_proof_image`, `id_proof_status`, `address`, `zipcode`, `latitude`, `longitude`, `device_id`, `device_type`, `fcm_token`, `bank_name`, `bank_acc_no`, `bank_ifsc_code`, `bank_branch`, `cancel_check_images`, `status`, `create_date`, `modify_date`) VALUES
(3, 'TCT3KNNM', 'Nirbhay', 'nirbhay.espsofttech@gmail.com', 'e10adc3949ba59abbe56e057f20f883e', '123456', 8962327488, 'user2.png', '', '', 'adhar_card', 0, '', 0, '155,vijay nagar indore, 155,vijay nagar indore', 452001, '', '', '', '', '', '', '', '', '', '', 1, '2019-10-29 14:09:02', '2019-10-29 13:09:02'),
(4, 'PL46505DI', 'nirbhay gander', 'admin@admin.com', 'e10adc3949ba59abbe56e057f20f883e', '123456', 8962327478, '', '', 'aadhar-card-sample-picture.jpg', 'adhar_card', 0, '', 0, '155,vijay nagar indore, 155,vijay nagar indore', 452001, '', '', '', '', '', '', '', '', '', '', 0, '2019-11-14 08:39:56', '2019-11-14 07:39:56'),
(5, '8R56GFG8', 'Nirbhay', 'nirbhay.espsofttech@gmail.com', 'e10adc3949ba59abbe56e057f20f883e', '123456', 8962327489, '', '', '', '', 2147483647, '', 0, '155,vijay nagar indore, 155,vijay nagar indore', 452001, '', '', '', '', '', '', '', '', '', '', 1, '2019-12-06 11:55:27', '2019-12-06 10:55:27'),
(6, 'Q24NLEI2A', 'nirbhay gander', 'admin@admin.com', 'e10adc3949ba59abbe56e057f20f883e', '123456', 74158963, 'aadhar-card-sample-picture2.jpg', '', 'demopancard1.jpg', 'adhar_card', 2147483647, 'demopancard1.jpg', 0, '155,vijay nagar indore, 155,vijay nagar indore', 452001, '', '', '', '', '', '', '', '', '', '', 1, '2019-12-06 11:58:14', '2019-12-06 10:58:14'),
(7, 'H7E004A6', 'nirbhay gander', 'admin@admin.com', 'e10adc3949ba59abbe56e057f20f883e', '123456', 89623274568, '', '', '', 'pan_card', 2147483647, '', 0, '155,vijay nagar indore, 155,vijay nagar indore', 452001, '', '', '', '', '', 'SBI', 'dfg', 'df', 'dsaf', 'm1.jpg', 0, '2019-12-10 10:13:01', '2019-12-10 09:13:01');

-- --------------------------------------------------------

--
-- Table structure for table `delivery_status`
--

CREATE TABLE `delivery_status` (
  `ds_id` int(11) NOT NULL,
  `delivery_status_name` varchar(50) NOT NULL
) ENGINE=InnoDB DEFAULT CHARSET=utf8;

--
-- Dumping data for table `delivery_status`
--

INSERT INTO `delivery_status` (`ds_id`, `delivery_status_name`) VALUES
(1, 'pending'),
(2, 'Accept by delivery boy'),
(3, 'Dispatch by shop'),
(4, 'completed'),
(5, 'cancel'),
(6, 'Refunded');

-- --------------------------------------------------------

--
-- Table structure for table `forgot_otp`
--

CREATE TABLE `forgot_otp` (
  `id` int(11) NOT NULL,
  `mobile_no` varchar(255) NOT NULL,
  `otp` varchar(8) NOT NULL,
  `create_date` datetime NOT NULL
) ENGINE=InnoDB DEFAULT CHARSET=utf8;

--
-- Dumping data for table `forgot_otp`
--

INSERT INTO `forgot_otp` (`id`, `mobile_no`, `otp`, `create_date`) VALUES
(1, '8962327488', '616784', '2020-07-22 07:20:58'),
(2, '7974419521', '129588', '2020-07-03 09:03:58');

-- --------------------------------------------------------

--
-- Table structure for table `homebannerslider`
--

CREATE TABLE `homebannerslider` (
  `id` int(11) NOT NULL,
  `title` varchar(100) NOT NULL,
  `image` varchar(250) NOT NULL,
  `link` varchar(250) NOT NULL,
  `start_date` datetime NOT NULL,
  `end_date` datetime NOT NULL,
  `price` float NOT NULL,
  `status` int(11) NOT NULL,
  `create_date` datetime NOT NULL,
  `modify_date` timestamp NOT NULL DEFAULT CURRENT_TIMESTAMP
) ENGINE=InnoDB DEFAULT CHARSET=utf8;

--
-- Dumping data for table `homebannerslider`
--

INSERT INTO `homebannerslider` (`id`, `title`, `image`, `link`, `start_date`, `end_date`, `price`, `status`, `create_date`, `modify_date`) VALUES
(1, 'Home', 'philips.jpg', 'http://localhost/myproject/multivendor/shops?categories_id=Mens%20Tshirt', '0000-00-00 00:00:00', '0000-00-00 00:00:00', 200, 1, '2020-08-05 12:01:15', '2019-11-28 12:29:19'),
(2, 'Home2', 'baggit.jpg', 'http://localhost/myproject/multivendor/home', '0000-00-00 00:00:00', '0000-00-00 00:00:00', 0, 1, '2020-08-05 12:01:30', '2019-11-28 12:36:35'),
(3, 'Home3', 'prestige.jpg', 'http://localhost/myproject/multivendor/home', '0000-00-00 00:00:00', '0000-00-00 00:00:00', 0, 1, '2020-08-05 12:01:40', '2019-11-28 12:40:13'),
(4, 'Let\'s Do Marketing With Us', 'woodland.jpg', 'http://localhost/myproject/multivendor/home', '0000-00-00 00:00:00', '0000-00-00 00:00:00', 0, 1, '2020-08-05 12:01:54', '2019-11-28 12:43:58'),
(5, 'Let\'s Do Marketing With Us', 'kit.png', 'http://localhost/myproject/multivendor/home', '2019-11-28 00:00:00', '2019-11-30 00:00:00', 0, 0, '2019-11-28 14:01:54', '2019-11-28 13:01:54');

-- --------------------------------------------------------

--
-- Table structure for table `homebannersliderfourth`
--

CREATE TABLE `homebannersliderfourth` (
  `id` int(11) NOT NULL,
  `title` varchar(100) NOT NULL,
  `image` varchar(250) NOT NULL,
  `link` varchar(250) NOT NULL,
  `start_date` datetime NOT NULL,
  `end_date` datetime NOT NULL,
  `status` int(11) NOT NULL,
  `create_date` datetime NOT NULL,
  `modify_date` timestamp NOT NULL DEFAULT CURRENT_TIMESTAMP,
  `price` float NOT NULL
) ENGINE=InnoDB DEFAULT CHARSET=utf8;

--
-- Dumping data for table `homebannersliderfourth`
--

INSERT INTO `homebannersliderfourth` (`id`, `title`, `image`, `link`, `start_date`, `end_date`, `status`, `create_date`, `modify_date`, `price`) VALUES
(1, 'Home', 'woodland.jpg', 'http://localhost/myproject/multivendor/home', '0000-00-00 00:00:00', '0000-00-00 00:00:00', 1, '2020-08-05 12:08:57', '2019-11-28 12:29:19', 0),
(2, 'Home2', 'baggit.jpg', 'http://localhost/myproject/multivendor/home', '0000-00-00 00:00:00', '0000-00-00 00:00:00', 1, '2020-08-05 12:09:08', '2019-11-28 12:36:35', 0),
(3, 'Home3', 'prestige.jpg', 'http://localhost/myproject/multivendor/home', '0000-00-00 00:00:00', '0000-00-00 00:00:00', 1, '2020-08-05 12:09:19', '2019-11-28 12:40:13', 0),
(4, 'Let\'s Do Marketing With Us', 'nik.png', 'http://localhost/myproject/multivendor/home', '2019-11-28 00:00:00', '2019-11-29 00:00:00', 3, '2019-11-28 13:43:58', '2019-11-28 12:43:58', 0),
(5, 'Let\'s Do Marketing With Us', 'kit.png', 'http://localhost/myproject/multivendor/home', '2019-11-28 00:00:00', '2019-11-30 00:00:00', 3, '2019-11-28 14:01:54', '2019-11-28 13:01:54', 0);

-- --------------------------------------------------------

--
-- Table structure for table `homebannerslidersec`
--

CREATE TABLE `homebannerslidersec` (
  `id` int(11) NOT NULL,
  `title` varchar(100) NOT NULL,
  `image` varchar(250) NOT NULL,
  `link` varchar(250) NOT NULL,
  `start_date` datetime NOT NULL,
  `end_date` datetime NOT NULL,
  `status` int(11) NOT NULL,
  `price` float NOT NULL,
  `create_date` datetime NOT NULL,
  `modify_date` timestamp NOT NULL DEFAULT CURRENT_TIMESTAMP
) ENGINE=InnoDB DEFAULT CHARSET=utf8;

--
-- Dumping data for table `homebannerslidersec`
--

INSERT INTO `homebannerslidersec` (`id`, `title`, `image`, `link`, `start_date`, `end_date`, `status`, `price`, `create_date`, `modify_date`) VALUES
(1, 'Home', 'philips.jpg', 'http://localhost/myproject/multivendor/home', '0000-00-00 00:00:00', '0000-00-00 00:00:00', 1, 0, '2020-08-05 12:06:33', '2019-11-28 12:29:19'),
(2, 'Home2', 'kit.png', 'http://localhost/myproject/multivendor/home', '0000-00-00 00:00:00', '0000-00-00 00:00:00', 1, 0, '2019-11-29 13:08:40', '2019-11-28 12:36:35'),
(3, 'Home3', 'baggit.jpg', 'http://localhost/myproject/multivendor/home', '0000-00-00 00:00:00', '0000-00-00 00:00:00', 1, 0, '2020-08-05 12:07:05', '2019-11-28 12:40:13'),
(4, 'Let\'s Do Marketing With Us', 'gift2.jpg', 'http://localhost/myproject/multivendor/home', '0000-00-00 00:00:00', '0000-00-00 00:00:00', 1, 0, '2019-11-29 13:08:55', '2019-11-28 12:43:58'),
(5, 'Let\'s Do Marketing With Us', 'kit.png', 'http://localhost/myproject/multivendor/home', '2019-11-28 00:00:00', '2019-11-30 00:00:00', 0, 0, '2019-11-28 14:01:54', '2019-11-28 13:01:54');

-- --------------------------------------------------------

--
-- Table structure for table `homebannersliderthird`
--

CREATE TABLE `homebannersliderthird` (
  `id` int(11) NOT NULL,
  `title` varchar(100) NOT NULL,
  `image` varchar(250) NOT NULL,
  `link` varchar(250) NOT NULL,
  `start_date` datetime NOT NULL,
  `end_date` datetime NOT NULL,
  `price` float NOT NULL,
  `status` int(11) NOT NULL,
  `create_date` datetime NOT NULL,
  `modify_date` timestamp NOT NULL DEFAULT CURRENT_TIMESTAMP
) ENGINE=InnoDB DEFAULT CHARSET=utf8;

--
-- Dumping data for table `homebannersliderthird`
--

INSERT INTO `homebannersliderthird` (`id`, `title`, `image`, `link`, `start_date`, `end_date`, `price`, `status`, `create_date`, `modify_date`) VALUES
(1, 'Home 3', 'prestige.jpg', 'http://localhost/myproject/multivendor/home', '0000-00-00 00:00:00', '0000-00-00 00:00:00', 0, 1, '2020-08-05 12:07:53', '2019-11-28 12:29:19'),
(2, 'Home2', 'philips.jpg', 'http://localhost/myproject/multivendor/home', '0000-00-00 00:00:00', '0000-00-00 00:00:00', 0, 1, '2020-08-05 12:08:04', '2019-11-28 12:36:35'),
(3, 'Home3', 'baggit.jpg', 'http://localhost/myproject/multivendor/home', '0000-00-00 00:00:00', '0000-00-00 00:00:00', 0, 1, '2020-08-05 12:07:43', '2019-11-28 12:40:13'),
(4, 'Let\'s Do Marketing With Us', 'woodland.jpg', 'http://localhost/myproject/multivendor/home', '0000-00-00 00:00:00', '0000-00-00 00:00:00', 0, 1, '2020-08-05 12:07:34', '2019-11-28 12:43:58'),
(5, 'Let\'s Do Marketing With Us', 'kit.png', 'http://localhost/myproject/multivendor/home', '2019-11-28 00:00:00', '2019-11-30 00:00:00', 0, 3, '2019-11-28 14:01:54', '2019-11-28 13:01:54');

-- --------------------------------------------------------

--
-- Table structure for table `homepopupimage`
--

CREATE TABLE `homepopupimage` (
  `id` int(11) NOT NULL,
  `image` varchar(255) NOT NULL,
  `link` varchar(255) NOT NULL,
  `status` int(11) NOT NULL,
  `create_date` datetime NOT NULL
) ENGINE=InnoDB DEFAULT CHARSET=utf8;

--
-- Dumping data for table `homepopupimage`
--

INSERT INTO `homepopupimage` (`id`, `image`, `link`, `status`, `create_date`) VALUES
(1, 'bag.png', 'http://maayanews.com/multivendor/clearance_product', 1, '2020-07-25 13:25:14');

-- --------------------------------------------------------

--
-- Table structure for table `id_proof_type`
--

CREATE TABLE `id_proof_type` (
  `id` int(11) NOT NULL,
  `option_name` varchar(255) NOT NULL,
  `option_value` varchar(255) NOT NULL
) ENGINE=InnoDB DEFAULT CHARSET=utf8;

--
-- Dumping data for table `id_proof_type`
--

INSERT INTO `id_proof_type` (`id`, `option_name`, `option_value`) VALUES
(1, 'adhar_card', 'adhar card'),
(2, 'pan_card', 'pan card'),
(3, 'voter_id', 'voter id'),
(4, 'driving_licence', 'driving licence');

-- --------------------------------------------------------

--
-- Table structure for table `login_otp`
--

CREATE TABLE `login_otp` (
  `id` int(11) NOT NULL,
  `mobile_no` varchar(50) NOT NULL,
  `otp` varchar(8) NOT NULL,
  `create_date` datetime NOT NULL
) ENGINE=InnoDB DEFAULT CHARSET=utf8;

--
-- Dumping data for table `login_otp`
--

INSERT INTO `login_otp` (`id`, `mobile_no`, `otp`, `create_date`) VALUES
(1, '8962327488', '174644', '2020-08-21 13:18:53'),
(2, '7974419521', '813108', '2020-08-21 15:19:05'),
(3, '9424891320', '495530', '2020-07-20 06:53:07'),
(4, '9589163694', '471600', '2020-07-20 13:24:51'),
(5, '8770151892', '370042', '2020-07-24 12:53:40'),
(6, '7067585899', '166379', '2020-08-18 03:36:09'),
(7, '8463828662', '508212', '2020-08-18 03:46:28'),
(8, '8770722257', '462362', '2020-08-20 06:49:31'),
(9, '8770372358', '473166', '2020-08-24 07:07:22');

-- --------------------------------------------------------

--
-- Table structure for table `multiple_address`
--

CREATE TABLE `multiple_address` (
  `add_id` int(11) NOT NULL,
  `user_id` int(11) NOT NULL,
  `name` varchar(255) NOT NULL,
  `email` varchar(255) NOT NULL,
  `phone` varchar(20) NOT NULL,
  `address` varchar(255) NOT NULL,
  `zipcode` int(11) NOT NULL,
  `latitude` varchar(255) NOT NULL,
  `longitude` varchar(255) NOT NULL,
  `status` tinyint(4) NOT NULL DEFAULT '0'
) ENGINE=MyISAM DEFAULT CHARSET=utf8;

--
-- Dumping data for table `multiple_address`
--

INSERT INTO `multiple_address` (`add_id`, `user_id`, `name`, `email`, `phone`, `address`, `zipcode`, `latitude`, `longitude`, `status`) VALUES
(1, 14, '', '', '', 'Chandani Chowk , New Delhi', 32131, 'f2113', '131', 0),
(2, 14, '', '', '', 'Teacher colony , indore', 452001, '4654.464.', '4464.64', 1),
(8, 4, 'Nirbhay Nirbhay', 'ng@gmail.com', '78979879', 'indore', 452001, '22.87878787', '78.55555', 0),
(9, 4, ' Nirbhay', 'ng@gmail.com', '741258963', 'Ratlam', 741258, '7412589632', '741258963', 0),
(10, 16, '', '', '', 'teachers quarters iet davv khandwa road indore', 452001, '', '', 1),
(11, 16, '', '', '', '123 colony', 452020, '', '', 0),
(12, 4, 'Nirbhay', 'ng@gmail.com', '741258963', '155,vijay nagar indore', 452001, '456112222', '7878787878', 1);

-- --------------------------------------------------------

--
-- Table structure for table `orders`
--

CREATE TABLE `orders` (
  `id` int(11) NOT NULL,
  `invoice_no` varchar(20) NOT NULL,
  `seller_id` int(11) NOT NULL,
  `user_id` int(11) NOT NULL,
  `deliveryboy_id` int(11) NOT NULL,
  `shipping_address` text NOT NULL,
  `payment_type` varchar(50) NOT NULL,
  `payment_status` enum('paid','unpaid') NOT NULL DEFAULT 'unpaid',
  `shipping_charge` float NOT NULL,
  `grand_total` float NOT NULL,
  `delivery_status` int(11) NOT NULL,
  `coupon_discount` float NOT NULL,
  `coupon_code` varchar(255) NOT NULL,
  `create_date` timestamp NOT NULL DEFAULT CURRENT_TIMESTAMP ON UPDATE CURRENT_TIMESTAMP,
  `confirm_delivery_date` datetime NOT NULL,
  `deliveryboy_accept_date` datetime NOT NULL,
  `order_receive_otp` varchar(10) NOT NULL,
  `status` int(11) NOT NULL DEFAULT '1',
  `modify_date` timestamp NOT NULL DEFAULT CURRENT_TIMESTAMP,
  `prduct_details` text NOT NULL
) ENGINE=InnoDB DEFAULT CHARSET=utf8;

--
-- Dumping data for table `orders`
--

INSERT INTO `orders` (`id`, `invoice_no`, `seller_id`, `user_id`, `deliveryboy_id`, `shipping_address`, `payment_type`, `payment_status`, `shipping_charge`, `grand_total`, `delivery_status`, `coupon_discount`, `coupon_code`, `create_date`, `confirm_delivery_date`, `deliveryboy_accept_date`, `order_receive_otp`, `status`, `modify_date`, `prduct_details`) VALUES
(1, 'INC2020I1', 4, 3, 3, '{\"name\":\"Nirbhay \",\"email\":\"nirbhay.espsofttech@gmail.com\",\"address\":\"155,vijay nagar indore, 155,vijay nagar indore\",\"postal_code\":\"452001\",\"phone\":\"452001\"}', 'cash_on_delivery', 'unpaid', 0, 900, 4, 0, '0000-00-00 00:00:00', '2020-01-09 04:20:36', '2020-02-25 08:21:06', '2020-02-25 08:19:11', '', 1, '2020-01-09 08:50:36', '[{\"id\":\"4\",\"name\":\"nirbhay gander\",\"color\":\"#F08080\",\"choice_0\":\"L\",\"quantity\":\"1\",\"main_image\":\"3914_1575635327.jpeg\",\"mrp_price\":\"1000.00\",\"price\":900,\"discount\":\"10\",\"discount_type\":\"1\",\"subtotal_price\":900,\"shop_id\":\"4\"}]'),
(2, 'INC2020I2', 4, 3, 3, '{\"name\":\"Nirbhay \",\"email\":\"nirbhay.espsofttech@gmail.com\",\"address\":\"155,vijay nagar indore, 155,vijay nagar indore\",\"postal_code\":\"452001\",\"phone\":\"452001\"}', 'cash_on_delivery', 'paid', 0, 900, 4, 0, '0000-00-00 00:00:00', '2020-07-09 06:47:34', '2020-07-09 06:47:34', '2020-07-09 06:47:13', '', 1, '2020-01-09 09:08:23', '[{\"id\":\"4\",\"name\":\"nirbhay gander\",\"color\":\"#F08080\",\"choice_0\":\"L\",\"quantity\":\"1\",\"main_image\":\"3914_1575635327.jpeg\",\"mrp_price\":\"1000.00\",\"price\":900,\"discount\":\"10\",\"discount_type\":\"1\",\"subtotal_price\":900,\"shop_id\":\"4\"}]'),
(3, 'INC2020I3', 4, 3, 0, '{\"name\":\"Nirbhay \",\"email\":\"nirbhay.espsofttech@gmail.com\",\"address\":\"155,vijay nagar indore, 155,vijay nagar indore\",\"postal_code\":\"452001\",\"phone\":\"452001\"}', 'cash', 'unpaid', 0, 3600, 1, 0, '0000-00-00 00:00:00', '2020-01-29 07:29:53', '0000-00-00 00:00:00', '0000-00-00 00:00:00', '', 1, '2020-01-29 11:59:53', '[{\"id\":\"4\",\"name\":\"nirbhay gander\",\"color\":\"#F08080\",\"choice_0\":\"L\",\"quantity\":\"2\",\"main_image\":\"3914_1575635327.jpeg\",\"mrp_price\":\"1000.00\",\"price\":900,\"discount\":\"10\",\"discount_type\":\"1\",\"subtotal_price\":1800,\"shop_id\":\"4\"},{\"id\":\"5\",\"name\":\"nirbhay gander\",\"color\":\"#E9967A\",\"quantity\":\"2\",\"main_image\":\"15458_1575635359.jpg\",\"mrp_price\":\"1000.00\",\"price\":900,\"discount\":\"10\",\"discount_type\":\"1\",\"subtotal_price\":1800,\"shop_id\":\"4\"}]'),
(4, 'INC2020I4', 4, 3, 3, '{\"name\":\"Nirbhay \",\"email\":\"nirbhay.espsofttech@gmail.com\",\"address\":\"155,vijay nagar indore, 155,vijay nagar indore\",\"postal_code\":\"452001\",\"phone\":\"452001\"}', 'cash', 'unpaid', 0, 3600, 2, 0, '0000-00-00 00:00:00', '2020-07-23 13:18:15', '0000-00-00 00:00:00', '2020-07-23 13:18:15', '', 1, '2020-01-29 12:03:41', '[{\"id\":\"4\",\"name\":\"nirbhay gander\",\"color\":\"#FA8072\",\"choice_0\":\"M\",\"quantity\":\"3\",\"main_image\":\"3914_1575635327.jpeg\",\"mrp_price\":\"1000.00\",\"price\":900,\"discount\":\"10\",\"discount_type\":\"1\",\"subtotal_price\":2700,\"shop_id\":\"4\"},{\"id\":\"7\",\"name\":\"nirbhay gander\",\"color\":\"#E9967A\",\"choice_0\":\"L\",\"choice_1\":\"50\",\"quantity\":\"1\",\"main_image\":\"3857_1575635455.jpeg\",\"mrp_price\":\"1000.00\",\"price\":900,\"discount\":\"10\",\"discount_type\":\"1\",\"subtotal_price\":900,\"shop_id\":\"4\"}]'),
(5, 'INC2020I5', 4, 3, 0, '{\"name\":\"Nirbhay \",\"email\":\"nirbhay.espsofttech@gmail.com\",\"address\":\"155,vijay nagar indore, 155,vijay nagar indore\",\"postal_code\":\"452001\",\"phone\":\"452001\"}', 'cash', 'unpaid', 0, 1800, 1, 0, '0000-00-00 00:00:00', '2020-01-30 07:43:46', '0000-00-00 00:00:00', '0000-00-00 00:00:00', '', 1, '2020-01-30 12:13:46', '{\"5\":{\"id\":\"4\",\"name\":\"nirbhay gander\",\"color\":\"#FA8072\",\"choice_0\":\"M\",\"quantity\":\"1\",\"main_image\":\"3914_1575635327.jpeg\",\"mrp_price\":\"1000.00\",\"price\":900,\"discount\":\"10\",\"discount_type\":\"1\",\"subtotal_price\":900,\"shop_id\":\"4\"},\"9\":{\"id\":\"7\",\"name\":\"nirbhay gander\",\"color\":\"#FA8072\",\"choice_0\":\"M\",\"choice_1\":\"50\",\"quantity\":\"1\",\"main_image\":\"3857_1575635455.jpeg\",\"mrp_price\":\"1000.00\",\"price\":900,\"discount\":\"10\",\"discount_type\":\"1\",\"subtotal_price\":900,\"shop_id\":\"4\"}}'),
(6, 'INC2020I6', 4, 3, 0, '{\"name\":\"Nirbhay \",\"email\":\"nirbhay.espsofttech@gmail.com\",\"address\":\"155,vijay nagar indore, 155,vijay nagar indore\",\"postal_code\":\"452001\",\"phone\":\"452001\"}', 'cash', 'unpaid', 0, 1800, 1, 0, '0000-00-00 00:00:00', '2020-01-30 07:48:37', '0000-00-00 00:00:00', '0000-00-00 00:00:00', '', 1, '2020-01-30 12:18:37', '[{\"id\":\"4\",\"name\":\"nirbhay gander\",\"color\":\"#F08080\",\"choice_0\":\"L\",\"variations\":\"[{\\\"SIze\\\":\\\"L\\\"}]\",\"quantity\":\"1\",\"main_image\":\"3914_1575635327.jpeg\",\"mrp_price\":\"1000.00\",\"price\":900,\"discount\":\"10\",\"discount_type\":\"1\",\"subtotal_price\":900,\"shop_id\":\"4\"},{\"id\":\"4\",\"name\":\"nirbhay gander\",\"color\":\"#F08080\",\"choice_0\":\"M\",\"variations\":\"[{\\\"SIze\\\":\\\"M\\\"}]\",\"quantity\":\"1\",\"main_image\":\"3914_1575635327.jpeg\",\"mrp_price\":\"1000.00\",\"price\":900,\"discount\":\"10\",\"discount_type\":\"1\",\"subtotal_price\":900,\"shop_id\":\"4\"}]'),
(7, 'INC2020I7', 4, 3, 3, '{\"name\":\"Nirbhay \",\"email\":\"nirbhay.espsofttech@gmail.com\",\"address\":\"155,vijay nagar indore, 155,vijay nagar indore\",\"postal_code\":\"452001\",\"phone\":\"452001\"}', 'cash', 'unpaid', 0, 3600, 3, 0, '0000-00-00 00:00:00', '2020-07-18 06:37:15', '0000-00-00 00:00:00', '2020-07-18 06:37:15', '', 1, '2020-01-31 06:50:47', '[{\"id\":\"4\",\"name\":\"nirbhay gander\",\"color\":\"#F08080\",\"choice_0\":\"L\",\"variations\":\"[{\\\"SIze\\\":\\\"L\\\"}]\",\"quantity\":\"2\",\"main_image\":\"3914_1575635327.jpeg\",\"mrp_price\":\"1000.00\",\"price\":900,\"discount\":\"10\",\"discount_type\":\"1\",\"discount_amount\":100,\"subtotal_price\":1800,\"shop_id\":\"4\"},{\"id\":\"4\",\"name\":\"nirbhay gander\",\"color\":\"#FA8072\",\"choice_0\":\"M\",\"variations\":\"[{\\\"SIze\\\":\\\"M\\\"}]\",\"quantity\":\"2\",\"main_image\":\"3914_1575635327.jpeg\",\"mrp_price\":\"1000.00\",\"price\":900,\"discount\":\"10\",\"discount_type\":\"1\",\"discount_amount\":100,\"subtotal_price\":1800,\"shop_id\":\"4\"}]'),
(8, 'INC2020I8', 4, 3, 3, '{\"name\":\"Nirbhay \",\"email\":\"nirbhay.espsofttech@gmail.com\",\"address\":\"155,vijay nagar indore, 155,vijay nagar indore\",\"postal_code\":\"452001\",\"phone\":\"452001\"}', 'cash', 'unpaid', 0, 1800, 4, 0, '0000-00-00 00:00:00', '2020-02-01 01:11:30', '2020-02-06 14:39:59', '2020-02-05 10:15:19', '', 1, '2020-02-01 05:41:30', '[{\"id\":\"4\",\"name\":\"nirbhay gander\",\"color\":\"#FA8072\",\"choice_0\":\"M\",\"variations\":\"[{\\\"SIze\\\":\\\"M\\\"}]\",\"quantity\":\"2\",\"main_image\":\"3914_1575635327.jpeg\",\"mrp_price\":\"1000.00\",\"price\":900,\"discount\":\"10\",\"discount_type\":\"1\",\"discount_amount\":100,\"subtotal_price\":1800,\"shop_id\":\"4\"}]'),
(9, 'INC2020I9', 4, 4, 0, '{\"name\":\"nirbhay gander\",\"email\":\"nirbhay.espsofttech@gmail.com\",\"address\":\"155,vijay nagar indore, 155,vijay nagar indore\",\"postal_code\":\"452001\",\"phone\":\"452001\"}', 'cash', 'unpaid', 0, 1800, 1, 0, '0000-00-00 00:00:00', '2020-02-10 03:29:17', '0000-00-00 00:00:00', '0000-00-00 00:00:00', '', 1, '2020-02-10 07:59:17', '[{\"id\":\"4\",\"name\":\"nirbhay gander\",\"color\":\"#F08080\",\"choice_0\":\"L\",\"variations\":\"[{\\\"SIze\\\":\\\"L\\\"}]\",\"quantity\":\"2\",\"main_image\":\"3914_1575635327.jpeg\",\"mrp_price\":\"1000.00\",\"price\":900,\"discount\":\"10\",\"discount_type\":\"1\",\"discount_amount\":100,\"subtotal_price\":1800,\"shop_id\":\"4\"}]'),
(10, 'INC2020I10', 4, 4, 3, '{\"name\":\"nirbhay gander\",\"email\":\"nirbhay.espsofttech@gmail.com\",\"address\":\"155,vijay nagar indore, 155,vijay nagar indore\",\"postal_code\":\"452001\",\"phone\":\"452001\"}', 'cash', 'unpaid', 0, 900, 4, 0, '0000-00-00 00:00:00', '2020-02-11 01:01:27', '2020-02-11 10:48:34', '2020-02-11 10:45:42', '', 1, '2020-02-11 05:31:27', '[{\"id\":\"4\",\"name\":\"nirbhay gander\",\"color\":\"#F08080\",\"choice_0\":\"L\",\"variations\":\"[{\\\"SIze\\\":\\\"L\\\"}]\",\"quantity\":\"1\",\"main_image\":\"3914_1575635327.jpeg\",\"mrp_price\":\"1000.00\",\"price\":900,\"discount\":\"10\",\"discount_type\":\"1\",\"discount_amount\":100,\"subtotal_price\":900,\"shop_id\":\"4\"}]'),
(11, 'INC2020I11', 4, 4, 0, '{\"name\":\"nirbhay gander\",\"email\":\"nirbhay.espsofttech@gmail.com\",\"address\":\"155,vijay nagar indore, 155,vijay nagar indore\",\"postal_code\":\"452001\",\"phone\":\"452001\"}', 'cash', 'paid', 0, 900, 1, 0, '0000-00-00 00:00:00', '2020-03-17 10:02:14', '0000-00-00 00:00:00', '0000-00-00 00:00:00', '', 1, '2020-02-14 05:04:17', '[{\"id\":\"4\",\"name\":\"nirbhay gander\",\"color\":\"#F08080\",\"choice_0\":\"L\",\"variations\":\"[{\\\"SIze\\\":\\\"L\\\"}]\",\"quantity\":\"1\",\"main_image\":\"3914_1575635327.jpeg\",\"mrp_price\":\"1000.00\",\"price\":900,\"discount\":\"10\",\"discount_type\":\"1\",\"discount_amount\":100,\"subtotal_price\":900,\"shop_id\":\"4\"}]'),
(12, 'INC2020I12', 4, 4, 3, '{\"name\":\"nirbhay gander\",\"email\":\"nirbhay.espsofttech@gmail.com\",\"address\":\"155,vijay nagar indore, 155,vijay nagar indore\",\"postal_code\":\"452001\",\"phone\":\"452001\"}', 'cash', 'unpaid', 0, 900, 4, 0, '0000-00-00 00:00:00', '2020-02-14 07:59:36', '2020-02-14 13:32:27', '2020-02-14 13:32:05', '', 1, '2020-02-14 12:29:36', '[{\"id\":\"4\",\"name\":\"nirbhay gander\",\"color\":\"#F08080\",\"choice_0\":\"L\",\"variations\":\"[{\\\"SIze\\\":\\\"L\\\"}]\",\"quantity\":\"1\",\"main_image\":\"3914_1575635327.jpeg\",\"mrp_price\":\"1000.00\",\"price\":900,\"discount\":\"10\",\"discount_type\":\"1\",\"discount_amount\":100,\"subtotal_price\":900,\"shop_id\":\"4\"}]'),
(13, 'INC2020I13', 4, 4, 3, '{\"name\":\"nirbhay gander\",\"email\":\"nirbhay.espsofttech@gmail.com\",\"postal_code\":\"452001\",\"phone\":\"452001\",\"address\":\"155,vijay nagar indore, 155,vijay nagar indore\",\"latitude\":\"22.71720790\",\"longitude\":\"75.86841130\"}', 'cash', 'unpaid', 0, 900, 3, 0, '0000-00-00 00:00:00', '2020-02-25 02:16:20', '0000-00-00 00:00:00', '2020-02-25 10:47:22', '', 1, '2020-02-25 06:46:20', '[{\"id\":\"8\",\"name\":\"nirbhay gander\",\"choice_1\":\"M\",\"variations\":\"[{\\\"Size\\\":\\\"M\\\"}]\",\"quantity\":\"1\",\"main_image\":\"16596_1575635423.jpg\",\"mrp_price\":\"1000.00\",\"price\":900,\"discount\":\"10\",\"discount_type\":\"1\",\"discount_amount\":100,\"subtotal_price\":900,\"shop_id\":\"4\"}]'),
(14, 'INC2020I14', 4, 4, 0, '{\"name\":\"nirbhay gander\",\"email\":\"nirbhay.espsofttech@gmail.com\",\"postal_code\":\"452001\",\"phone\":\"452001\",\"address\":\"155,vijay nagar indore, 155,vijay nagar indore\",\"latitude\":\"22.71720790\",\"longitude\":\"75.86841130\"}', 'cash', 'paid', 0, 900, 1, 0, '0000-00-00 00:00:00', '2020-03-17 10:02:55', '0000-00-00 00:00:00', '0000-00-00 00:00:00', '', 1, '2020-03-03 08:10:16', '[{\"id\":\"10\",\"name\":\"nirbhay gander\",\"choice_1\":\"L\",\"variations\":\"[{\\\"Size\\\":\\\"L\\\"}]\",\"quantity\":\"1\",\"main_image\":\"580671_1575635471.jpg\",\"mrp_price\":\"1000.00\",\"price\":900,\"discount\":\"10\",\"discount_type\":\"1\",\"discount_amount\":100,\"subtotal_price\":900,\"shop_id\":\"4\"}]'),
(15, 'INC2020I15', 4, 4, 3, '{\"name\":\"nirbhay gander\",\"email\":\"nirbhay.espsofttech@gmail.com\",\"postal_code\":\"452001\",\"phone\":\"452001\",\"address\":\"155,vijay nagar indore, 155,vijay nagar indore\",\"latitude\":\"22.71720790\",\"longitude\":\"75.86841130\"}', 'cash', 'unpaid', 0, 900, 4, 0, '0000-00-00 00:00:00', '2020-03-17 13:04:08', '2020-03-17 14:04:08', '2020-03-17 14:03:40', '', 1, '2020-03-17 12:56:57', '[{\"id\":\"4\",\"name\":\"nirbhay gander\",\"color\":\"#F08080\",\"choice_0\":\"L\",\"variations\":\"[{\\\"SIze\\\":\\\"L\\\"}]\",\"quantity\":\"1\",\"main_image\":\"3914_1575635327.jpeg\",\"mrp_price\":\"1000.00\",\"price\":900,\"discount\":\"10\",\"discount_type\":\"1\",\"discount_amount\":100,\"subtotal_price\":900,\"shop_id\":\"4\"}]'),
(16, 'INC2020I16', 11, 13, 0, '{\"name\":\"Test name test last name\",\"email\":\"sachinkkarma@gmail.com\",\"postal_code\":\"452001\",\"phone\":\"452001\",\"address\":\"Indore Railway Station, Chhoti Gwaltoli, Indore, Madhya Pradesh, Indi\",\"latitude\":\"22.71720790\",\"longitude\":\"75.86841130\"}', 'cash', 'unpaid', 0, 450, 1, 0, '0000-00-00 00:00:00', '2020-06-25 14:19:54', '0000-00-00 00:00:00', '0000-00-00 00:00:00', '', 1, '2020-06-25 14:19:54', '[{\"id\":\"15\",\"name\":\"Simple Blouse\",\"variations\":\"[]\",\"quantity\":\"1\",\"main_image\":\"7012_1592814902.jpg\",\"mrp_price\":\"500.00\",\"price\":450,\"discount\":\"10\",\"discount_type\":\"1\",\"discount_amount\":50,\"subtotal_price\":450,\"shop_id\":\"11\"}]'),
(17, 'INC2020I17', 11, 13, 0, '{\"name\":\"Test name test last name\",\"email\":\"sachinkkarma@gmail.com\",\"postal_code\":\"452001\",\"phone\":\"452001\",\"address\":\"Indore Railway Station, Chhoti Gwaltoli, Indore, Madhya Pradesh, Indi\",\"latitude\":\"22.71720790\",\"longitude\":\"75.86841130\"}', 'cash', 'unpaid', 0, 450, 1, 0, '0000-00-00 00:00:00', '2020-06-25 14:40:31', '0000-00-00 00:00:00', '0000-00-00 00:00:00', '', 1, '2020-06-25 14:40:31', '[{\"id\":\"15\",\"name\":\"Simple Blouse\",\"variations\":\"[]\",\"quantity\":\"1\",\"main_image\":\"7012_1592814902.jpg\",\"mrp_price\":\"500.00\",\"price\":450,\"discount\":\"10\",\"discount_type\":\"1\",\"discount_amount\":50,\"subtotal_price\":450,\"shop_id\":\"11\"}]'),
(18, 'INC2020I18', 11, 13, 0, '{\"name\":\"Test name test last name\",\"email\":\"sachinkkarma@gmail.com\",\"postal_code\":\"452001\",\"phone\":\"452001\",\"address\":\"Indore Railway Station, Chhoti Gwaltoli, Indore, Madhya Pradesh, Indi\",\"latitude\":\"22.71720790\",\"longitude\":\"75.86841130\"}', 'cash', 'unpaid', 0, 450, 1, 0, '0000-00-00 00:00:00', '2020-06-25 15:42:00', '0000-00-00 00:00:00', '0000-00-00 00:00:00', '', 1, '2020-06-25 15:42:00', '[{\"id\":\"15\",\"name\":\"Simple Blouse\",\"variations\":\"[]\",\"quantity\":\"1\",\"main_image\":\"7012_1592814902.jpg\",\"mrp_price\":\"500.00\",\"price\":450,\"discount\":\"10\",\"discount_type\":\"1\",\"discount_amount\":50,\"subtotal_price\":450,\"shop_id\":\"11\"}]'),
(19, 'INC2020I19', 12, 4, 0, '{\"name\":\"nirbhay gander\",\"email\":\"nirbhay.espsofttech@gmail.com\",\"postal_code\":\"452001\",\"phone\":\"452001\",\"address\":\"155,vijay nagar indore, 155,vijay nagar indore\",\"latitude\":\"22.71720790\",\"longitude\":\"75.86841130\"}', 'cash', 'unpaid', 0, 0.9, 1, 0, '0000-00-00 00:00:00', '2020-07-09 06:37:48', '0000-00-00 00:00:00', '0000-00-00 00:00:00', '', 1, '2020-07-09 06:37:48', '[{\"id\":\"20\",\"name\":\"Full Sleves\",\"variations\":\"[]\",\"quantity\":\"1\",\"main_image\":\"14464_1594017371.jpg\",\"mrp_price\":\"1.00\",\"price\":0.9,\"discount\":\"10\",\"discount_type\":\"1\",\"discount_amount\":0.1,\"subtotal_price\":0.9,\"shop_id\":\"12\"}]'),
(20, 'INC2020I20', 4, 14, 0, '{\"name\":\"rahul solanki\",\"email\":\"rahul@gmail.com\",\"postal_code\":\"452001\",\"phone\":\"452001\",\"address\":\"Indore\",\"latitude\":\"\",\"longitude\":\"\"}', 'cash', 'unpaid', 0, 900, 1, 0, '0000-00-00 00:00:00', '2020-07-12 12:07:32', '0000-00-00 00:00:00', '0000-00-00 00:00:00', '', 1, '2020-07-12 12:07:32', '[{\"id\":\"5\",\"name\":\"nirbhay gander\",\"color\":\"#FA8072\",\"variations\":\"[]\",\"quantity\":\"1\",\"main_image\":\"15458_1575635359.jpg\",\"mrp_price\":\"1000.00\",\"price\":900,\"discount\":\"10\",\"discount_type\":\"1\",\"discount_amount\":100,\"subtotal_price\":900,\"shop_id\":\"4\"}]'),
(21, 'INC2020I21', 12, 14, 0, '{\"name\":\"rahul solanki\",\"email\":\"rahul@gmail.com\",\"postal_code\":\"452001\",\"phone\":\"452001\",\"address\":\"Indore\",\"latitude\":\"\",\"longitude\":\"\"}', 'cash', 'unpaid', 0, 0.9, 1, 0, '0000-00-00 00:00:00', '2020-07-12 12:10:08', '0000-00-00 00:00:00', '0000-00-00 00:00:00', '', 1, '2020-07-12 12:10:08', '[{\"id\":\"20\",\"name\":\"Full Sleves\",\"variations\":\"[]\",\"quantity\":\"1\",\"main_image\":\"14464_1594017371.jpg\",\"mrp_price\":\"1.00\",\"price\":0.9,\"discount\":\"10\",\"discount_type\":\"1\",\"discount_amount\":0.1,\"subtotal_price\":0.9,\"shop_id\":\"12\"}]'),
(22, 'INC2020I22', 5, 14, 3, '{\"name\":\"rahul solanki\",\"email\":\"rahul@gmail.com\",\"postal_code\":\"452001\",\"phone\":\"452001\",\"address\":\"Indore\",\"latitude\":\"\",\"longitude\":\"\"}', 'cash', 'unpaid', 0, 0.99, 4, 0, '0000-00-00 00:00:00', '2020-07-12 12:16:12', '2020-07-12 12:16:12', '2020-07-12 12:16:06', '', 1, '2020-07-12 12:13:32', '[{\"id\":\"30\",\"name\":\"Pursee\",\"variations\":\"[]\",\"quantity\":\"1\",\"main_image\":\"1852_1593498384.jpg\",\"mrp_price\":\"1.00\",\"price\":0.99,\"discount\":\"1\",\"discount_type\":\"1\",\"discount_amount\":0.01,\"subtotal_price\":0.99,\"shop_id\":\"5\"}]'),
(23, 'INC2020I23', 5, 15, 0, '{\"name\":\"vk karma\",\"email\":\"vijaykarma@gmail.com\",\"postal_code\":\"452001\",\"phone\":\"9424891320\",\"address\":\"iet davv khandwa road indore\",\"latitude\":\"\",\"longitude\":\"\"}', 'cash', 'unpaid', 0, 0.99, 1, 0, '0000-00-00 00:00:00', '2020-07-20 06:41:01', '0000-00-00 00:00:00', '0000-00-00 00:00:00', '', 1, '2020-07-20 06:41:01', '[{\"id\":\"26\",\"name\":\"neckles\",\"variations\":\"[]\",\"quantity\":\"1\",\"main_image\":\"16789_1593766784.jpg\",\"mrp_price\":\"1.00\",\"price\":0.99,\"discount\":\"1\",\"discount_type\":\"1\",\"discount_amount\":0.01,\"subtotal_price\":0.99,\"shop_id\":\"5\"}]'),
(24, 'INC2020I24', 12, 15, 0, '{\"name\":\"vk karma\",\"email\":\"123@gmail.com\",\"postal_code\":\"452001\",\"phone\":\"1234567890\",\"address\":\"iet davv\",\"latitude\":\"\",\"longitude\":\"\"}', 'cash', 'unpaid', 0, -9, 1, 0, '0000-00-00 00:00:00', '2020-07-20 06:45:57', '0000-00-00 00:00:00', '0000-00-00 00:00:00', '', 1, '2020-07-20 06:45:57', '[{\"id\":\"21\",\"name\":\"Newyeargift\",\"variations\":\"[]\",\"quantity\":\"1\",\"main_image\":\"54115_1593495543.jpg\",\"mrp_price\":\"1.00\",\"price\":-9,\"discount\":\"10\",\"discount_type\":\"2\",\"discount_amount\":\"10\",\"subtotal_price\":-9,\"shop_id\":\"12\"}]'),
(25, 'INC2020I25', 12, 4, 0, '{\"name\":\"nirbhay gander\",\"email\":\"nirbhay.espsofttech@gmail.com\",\"postal_code\":\"452001\",\"phone\":\"452001\",\"address\":\"155,vijay nagar indore, 155,vijay nagar indore\",\"latitude\":\"22.71720790\",\"longitude\":\"75.86841130\"}', 'cash', 'unpaid', 0, 49.5, 1, 0, '0000-00-00 00:00:00', '2020-07-20 13:15:13', '0000-00-00 00:00:00', '0000-00-00 00:00:00', '', 1, '2020-07-20 13:15:13', '[{\"id\":\"25\",\"name\":\"Almond\",\"variations\":\"[]\",\"quantity\":\"1\",\"main_image\":\"16379_1594017235.jpg\",\"mrp_price\":\"10.00\",\"price\":9.9,\"discount\":\"1\",\"discount_type\":\"1\",\"discount_amount\":0.1,\"subtotal_price\":9.9,\"shop_id\":\"12\"},{\"id\":\"25\",\"name\":\"Almond\",\"variations\":\"[]\",\"quantity\":\"3\",\"main_image\":\"16379_1594017235.jpg\",\"mrp_price\":\"10.00\",\"price\":9.9,\"discount\":\"1\",\"discount_type\":\"1\",\"discount_amount\":0.1,\"subtotal_price\":29.7,\"shop_id\":\"12\"},{\"id\":\"25\",\"name\":\"Almond\",\"variations\":\"[]\",\"quantity\":\"1\",\"main_image\":\"16379_1594017235.jpg\",\"mrp_price\":\"10.00\",\"price\":9.9,\"discount\":\"1\",\"discount_type\":\"1\",\"discount_amount\":0.1,\"subtotal_price\":9.9,\"shop_id\":\"12\"}]'),
(26, 'INC2020I26', 10, 14, 0, '{\"name\":\"rahul solanki\",\"email\":\"rahul@gmail.com\",\"postal_code\":\"452001\",\"phone\":\"452001\",\"address\":\"indoree\",\"latitude\":\"\",\"longitude\":\"\"}', 'cash', 'unpaid', 0, 1.96, 1, 0, '0000-00-00 00:00:00', '2020-07-20 16:58:53', '0000-00-00 00:00:00', '0000-00-00 00:00:00', '', 1, '2020-07-20 16:58:53', '[{\"id\":\"16\",\"name\":\"Asbash\",\"variations\":\"[]\",\"quantity\":\"1\",\"main_image\":\"17375_1592900607.jpg\",\"mrp_price\":\"2.00\",\"price\":1.96,\"discount\":\"2\",\"discount_type\":\"1\",\"discount_amount\":0.04,\"subtotal_price\":1.96,\"shop_id\":\"10\"}]'),
(27, 'INC2020I27', 12, 14, 0, '{\"name\":\"rahul solanki\",\"email\":\"rahul@gmail.com\",\"postal_code\":\"452001\",\"phone\":\"452001\",\"address\":\"indoree\",\"latitude\":\"\",\"longitude\":\"\"}', 'cash', 'unpaid', 0, 0.9, 1, 0, '0000-00-00 00:00:00', '2020-07-20 17:01:07', '0000-00-00 00:00:00', '0000-00-00 00:00:00', '', 1, '2020-07-20 17:01:07', '[{\"id\":\"20\",\"name\":\"Full Sleves\",\"variations\":\"[]\",\"quantity\":\"1\",\"main_image\":\"14464_1594017371.jpg\",\"mrp_price\":\"1.00\",\"price\":0.9,\"discount\":\"10\",\"discount_type\":\"1\",\"discount_amount\":0.1,\"subtotal_price\":0.9,\"shop_id\":\"12\"}]'),
(28, 'INC2020I28', 12, 16, 0, '{\"name\":\"vijay karma\",\"email\":\"vijaykarma@gmail.com\",\"postal_code\":\"452001\",\"phone\":\"452001\",\"address\":\"iet davv khandwa road indore\",\"latitude\":\"\",\"longitude\":\"\"}', 'cash', 'unpaid', 0, 0.9, 1, 0, '0000-00-00 00:00:00', '2020-07-21 05:56:21', '0000-00-00 00:00:00', '0000-00-00 00:00:00', '', 1, '2020-07-21 05:56:21', '[{\"id\":\"20\",\"name\":\"Full Sleves\",\"variations\":\"[]\",\"quantity\":\"1\",\"main_image\":\"14464_1594017371.jpg\",\"mrp_price\":\"1.00\",\"price\":0.9,\"discount\":\"10\",\"discount_type\":\"1\",\"discount_amount\":0.1,\"subtotal_price\":0.9,\"shop_id\":\"12\"}]'),
(29, 'INC2020I29', 11, 4, 0, '{\"name\":\"nirbhay gander\",\"email\":\"nirbhay.espsofttech@gmail.com\",\"postal_code\":\"452001\",\"phone\":\"452001\",\"address\":\"155,vijay nagar indore, 155,vijay nagar indore\",\"latitude\":\"22.71720790\",\"longitude\":\"75.86841130\"}', 'cash', 'unpaid', 0, 1350, 1, 0, '0000-00-00 00:00:00', '2020-07-21 11:57:42', '0000-00-00 00:00:00', '0000-00-00 00:00:00', '', 1, '2020-07-21 11:57:42', '[{\"id\":\"15\",\"name\":\"Simple Blouse\",\"variations\":\"[]\",\"quantity\":\"3\",\"main_image\":\"7012_1592814902.jpg\",\"mrp_price\":\"500.00\",\"price\":450,\"discount\":\"10\",\"discount_type\":\"1\",\"discount_amount\":50,\"subtotal_price\":1350,\"shop_id\":\"11\"}]'),
(30, 'INC2020I30', 11, 4, 0, '{\"name\":\"nirbhay gander\",\"email\":\"nirbhay.espsofttech@gmail.com\",\"postal_code\":\"452001\",\"phone\":\"452001\",\"address\":\"155,vijay nagar indore, 155,vijay nagar indore\",\"latitude\":\"22.71720790\",\"longitude\":\"75.86841130\"}', 'cash', 'unpaid', 0, 450, 1, 0, '0000-00-00 00:00:00', '2020-07-22 06:20:29', '0000-00-00 00:00:00', '0000-00-00 00:00:00', '', 1, '2020-07-22 06:20:29', '[{\"id\":\"15\",\"name\":\"Simple Blouse\",\"variations\":\"[]\",\"quantity\":\"1\",\"main_image\":\"7012_1592814902.jpg\",\"mrp_price\":\"500.00\",\"price\":450,\"discount\":\"10\",\"discount_type\":\"1\",\"discount_amount\":50,\"subtotal_price\":450,\"shop_id\":\"11\"}]'),
(31, 'INC2020I31', 5, 0, 0, '{\"name\":\"Nirbhay\",\"email\":\"ng@gmail.com\",\"postal_code\":\"452001\",\"phone\":\"7485955555\",\"address\":\"155,vijay nagar indore, 155,vijay nagar indore\",\"latitude\":\"22.71720790\",\"longitude\":\"75.86841130\"}', 'cash', 'unpaid', 0, 901.98, 1, 0, '0000-00-00 00:00:00', '2020-07-22 13:01:52', '0000-00-00 00:00:00', '0000-00-00 00:00:00', '', 1, '2020-07-22 13:01:52', '[{\"id\":\"11\",\"name\":\"Sofa set\",\"color\":\"#F08080\",\"variations\":\"[]\",\"quantity\":\"1\",\"main_image\":\"10144_1593777145.jpg\",\"mrp_price\":\"1000.00\",\"price\":900,\"discount\":\"10\",\"discount_type\":\"1\",\"discount_amount\":100,\"subtotal_price\":900,\"shop_id\":\"5\"},{\"id\":\"26\",\"name\":\"neckles\",\"variations\":\"[]\",\"quantity\":\"1\",\"main_image\":\"16789_1593766784.jpg\",\"mrp_price\":\"1.00\",\"price\":0.99,\"discount\":\"1\",\"discount_type\":\"1\",\"discount_amount\":0.01,\"subtotal_price\":0.99,\"shop_id\":\"5\"},{\"id\":\"26\",\"name\":\"neckles\",\"variations\":\"[]\",\"quantity\":\"1\",\"main_image\":\"16789_1593766784.jpg\",\"mrp_price\":\"1.00\",\"price\":0.99,\"discount\":\"1\",\"discount_type\":\"1\",\"discount_amount\":0.01,\"subtotal_price\":0.99,\"shop_id\":\"5\"}]'),
(32, 'INC2020I32', 4, 0, 0, '{\"name\":\"Demo\",\"email\":\"ng@gmail.com\",\"postal_code\":\"452001\",\"phone\":\"7532114569\",\"address\":\"indore\",\"latitude\":\"22.71720790\",\"longitude\":\"75.86841130\"}', 'cash', 'unpaid', 0, 900, 1, 0, '0000-00-00 00:00:00', '2020-07-22 13:09:53', '0000-00-00 00:00:00', '0000-00-00 00:00:00', '', 1, '2020-07-22 13:09:53', '[{\"id\":\"6\",\"name\":\"nirbhay gander\",\"variations\":\"[]\",\"quantity\":\"1\",\"main_image\":\"16978_1575637134.jpg\",\"mrp_price\":\"1000.00\",\"price\":900,\"discount\":\"10\",\"discount_type\":\"1\",\"discount_amount\":100,\"subtotal_price\":900,\"shop_id\":\"4\"}]'),
(33, 'INC2020I33', 12, 14, 0, '{\"name\":\"rahul solanki\",\"email\":\"rahul@gmail.com\",\"postal_code\":\"452001\",\"phone\":\"452001\",\"address\":\"indoree\",\"latitude\":\"\",\"longitude\":\"\"}', 'cash', 'unpaid', 0, 9.9, 1, 0, '0000-00-00 00:00:00', '2020-07-22 13:23:58', '0000-00-00 00:00:00', '0000-00-00 00:00:00', '', 1, '2020-07-22 13:23:58', '[{\"id\":\"25\",\"name\":\"Almond\",\"variations\":\"[]\",\"quantity\":\"1\",\"main_image\":\"16379_1594017235.jpg\",\"mrp_price\":\"10.00\",\"price\":9.9,\"discount\":\"1\",\"discount_type\":\"1\",\"discount_amount\":0.1,\"subtotal_price\":9.9,\"shop_id\":\"12\"}]'),
(34, 'INC2020I34', 12, 32, 0, '{\"name\":\"sds sdd\",\"email\":\"sds@as\",\"postal_code\":\"452001\",\"phone\":\"0\",\"address\":\"sdd\",\"latitude\":\"\",\"longitude\":\"\"}', 'cash', 'unpaid', 0, 0.9, 1, 0, '0000-00-00 00:00:00', '2020-07-22 13:40:00', '0000-00-00 00:00:00', '0000-00-00 00:00:00', '', 1, '2020-07-22 13:40:00', '[{\"id\":\"20\",\"name\":\"Full Sleves\",\"variations\":\"[]\",\"quantity\":\"1\",\"main_image\":\"14464_1594017371.jpg\",\"mrp_price\":\"1.00\",\"price\":0.9,\"discount\":\"10\",\"discount_type\":\"1\",\"discount_amount\":0.1,\"subtotal_price\":0.9,\"shop_id\":\"12\"}]'),
(35, 'INC2020I35', 5, 33, 0, '{\"name\":\"ngk kk\",\"email\":\"ngk@gmail.com\",\"postal_code\":\"452001\",\"phone\":\"748963214\",\"address\":\"indore\",\"latitude\":\"22.71720790\",\"longitude\":\"75.86841130\"}', 'cash', 'unpaid', 0, 900, 1, 0, '0000-00-00 00:00:00', '2020-07-22 13:40:02', '0000-00-00 00:00:00', '0000-00-00 00:00:00', '', 1, '2020-07-22 13:40:02', '[{\"id\":\"11\",\"name\":\"Sofa set\",\"color\":\"#F08080\",\"variations\":\"[]\",\"quantity\":\"1\",\"main_image\":\"10144_1593777145.jpg\",\"mrp_price\":\"1000.00\",\"price\":900,\"discount\":\"10\",\"discount_type\":\"1\",\"discount_amount\":100,\"subtotal_price\":900,\"shop_id\":\"5\"}]'),
(36, 'INC2020I36', 5, 34, 0, '{\"name\":\"shruti jain\",\"email\":\"gth@gmail.com\",\"postal_code\":\"452001\",\"phone\":\"7412589632\",\"address\":\"indore\",\"latitude\":\"22.71720790\",\"longitude\":\"75.86841130\"}', 'cash', 'unpaid', 0, 900, 1, 0, '0000-00-00 00:00:00', '2020-07-22 13:57:49', '0000-00-00 00:00:00', '0000-00-00 00:00:00', '', 1, '2020-07-22 13:57:49', '[{\"id\":\"11\",\"name\":\"Sofa set\",\"color\":\"#F08080\",\"variations\":\"[]\",\"quantity\":\"1\",\"main_image\":\"10144_1593777145.jpg\",\"mrp_price\":\"1000.00\",\"price\":900,\"discount\":\"10\",\"discount_type\":\"1\",\"discount_amount\":100,\"subtotal_price\":900,\"shop_id\":\"5\"}]'),
(37, 'INC2020I37', 11, 16, 0, '{\"name\":\"vijay karma\",\"email\":\"1232@123.COM\",\"postal_code\":\"452001\",\"phone\":\"452001\",\"address\":\"iet davv khandwa road indore\",\"latitude\":\"\",\"longitude\":\"\"}', 'cash', 'unpaid', 0, 450.99, 1, 0, '0000-00-00 00:00:00', '2020-07-22 15:46:17', '0000-00-00 00:00:00', '0000-00-00 00:00:00', '', 1, '2020-07-22 15:46:17', '{\"0\":{\"id\":\"27\",\"name\":\"Anckel\",\"variations\":\"[]\",\"quantity\":\"1\",\"main_image\":\"6476_1593776742.jpg\",\"mrp_price\":\"1.00\",\"price\":0.99,\"discount\":\"1\",\"discount_type\":\"1\",\"discount_amount\":0.01,\"subtotal_price\":0.99,\"shop_id\":\"5\"},\"2\":{\"id\":\"15\",\"name\":\"Simple Blouse\",\"variations\":\"[]\",\"quantity\":\"1\",\"main_image\":\"7012_1592814902.jpg\",\"mrp_price\":\"500.00\",\"price\":450,\"discount\":\"10\",\"discount_type\":\"1\",\"discount_amount\":50,\"subtotal_price\":450,\"shop_id\":\"11\"}}'),
(38, 'INC2020I38', 12, 16, 0, '{\"name\":\"vijay karma\",\"email\":\"vijaykarma@yahoo.com\",\"postal_code\":\"452001\",\"phone\":\"452001\",\"address\":\"iet davv khandwa road indore\",\"latitude\":\"\",\"longitude\":\"\"}', 'cash', 'unpaid', 0, 0.85, 1, 0, '0000-00-00 00:00:00', '2020-07-23 16:44:08', '0000-00-00 00:00:00', '0000-00-00 00:00:00', '', 1, '2020-07-23 16:44:08', '[{\"id\":\"23\",\"name\":\"Belt\",\"variations\":\"[]\",\"quantity\":\"1\",\"main_image\":\"97713_1594017633.jpg\",\"mrp_price\":\"1.00\",\"price\":0.85,\"discount\":\"15\",\"discount_type\":\"1\",\"discount_amount\":0.15,\"subtotal_price\":0.85,\"shop_id\":\"12\"}]'),
(39, 'INC2020I39', 5, 4, 0, '{\"name\":\"nirbhay gander\",\"email\":\"nirbhay.espsofttech@gmail.com\",\"postal_code\":\"452001\",\"phone\":\"452001\",\"address\":\"155,vijay nagar indore, 155,vijay nagar indore\",\"latitude\":\"22.71720790\",\"longitude\":\"75.86841130\"}', 'cash', 'unpaid', 0, 900, 1, 0, '0000-00-00 00:00:00', '2020-07-24 07:10:27', '0000-00-00 00:00:00', '0000-00-00 00:00:00', '', 1, '2020-07-24 07:10:27', '[{\"id\":\"11\",\"name\":\"Sofa set\",\"color\":\"#F08080\",\"variations\":\"[]\",\"quantity\":\"1\",\"main_image\":\"10144_1593777145.jpg\",\"mrp_price\":\"1000.00\",\"price\":900,\"discount\":\"10\",\"discount_type\":\"1\",\"discount_amount\":100,\"subtotal_price\":900,\"shop_id\":\"5\"}]'),
(40, 'INC2020I40', 11, 4, 0, '{\"name\":\"nirbhay gander\",\"email\":\"nirbhay.espsofttech@gmail.com\",\"postal_code\":\"452001\",\"phone\":\"452001\",\"address\":\"155,vijay nagar indore, 155,vijay nagar indore\",\"latitude\":\"22.71720790\",\"longitude\":\"75.86841130\"}', 'cash', 'unpaid', 0, 405, 1, 45, 'ITS150', '2020-07-24 12:55:22', '0000-00-00 00:00:00', '0000-00-00 00:00:00', '', 1, '2020-07-24 12:55:22', '[{\"id\":\"15\",\"name\":\"Simple Blouse\",\"variations\":\"[]\",\"quantity\":\"1\",\"main_image\":\"7012_1592814902.jpg\",\"mrp_price\":\"500.00\",\"price\":450,\"discount\":\"10\",\"discount_type\":\"1\",\"discount_amount\":50,\"subtotal_price\":450,\"shop_id\":\"11\"}]'),
(41, 'INC2020I41', 5, 4, 0, '{\"name\":\"nirbhay gander\",\"email\":\"nirbhay.espsofttech@gmail.com\",\"postal_code\":\"452001\",\"phone\":\"452001\",\"address\":\"155,vijay nagar indore, 155,vijay nagar indore\",\"latitude\":\"22.71720790\",\"longitude\":\"75.86841130\"}', 'cash', 'unpaid', 0, 2430, 1, 270, 'F50', '2020-07-24 13:13:20', '0000-00-00 00:00:00', '0000-00-00 00:00:00', '', 1, '2020-07-24 13:13:20', '[{\"id\":\"11\",\"name\":\"Sofa set\",\"color\":\"#F08080\",\"variations\":\"[]\",\"quantity\":\"1\",\"main_image\":\"10144_1593777145.jpg\",\"mrp_price\":\"1000.00\",\"price\":900,\"discount\":\"10\",\"discount_type\":\"1\",\"discount_amount\":100,\"subtotal_price\":900,\"shop_id\":\"5\"},{\"id\":\"11\",\"name\":\"Sofa set\",\"color\":\"#F08080\",\"variations\":\"[]\",\"quantity\":\"1\",\"main_image\":\"10144_1593777145.jpg\",\"mrp_price\":\"1000.00\",\"price\":900,\"discount\":\"10\",\"discount_type\":\"1\",\"discount_amount\":100,\"subtotal_price\":900,\"shop_id\":\"5\"},{\"id\":\"11\",\"name\":\"Sofa set\",\"color\":\"#F08080\",\"variations\":\"[]\",\"quantity\":\"1\",\"main_image\":\"10144_1593777145.jpg\",\"mrp_price\":\"1000.00\",\"price\":900,\"discount\":\"10\",\"discount_type\":\"1\",\"discount_amount\":100,\"subtotal_price\":900,\"shop_id\":\"5\"}]'),
(42, 'INC2020I42', 11, 4, 0, '{\"name\":\"nirbhay gander\",\"email\":\"nirbhay.espsofttech@gmail.com\",\"postal_code\":\"452001\",\"phone\":\"452001\",\"address\":\"155,vijay nagar indore, 155,vijay nagar indore\",\"latitude\":\"22.71720790\",\"longitude\":\"75.86841130\"}', 'cash', 'unpaid', 0, 450, 1, 0, '', '2020-07-24 13:14:16', '0000-00-00 00:00:00', '0000-00-00 00:00:00', '', 1, '2020-07-24 13:14:16', '[{\"id\":\"15\",\"name\":\"Simple Blouse\",\"variations\":\"[]\",\"quantity\":\"1\",\"main_image\":\"7012_1592814902.jpg\",\"mrp_price\":\"500.00\",\"price\":450,\"discount\":\"10\",\"discount_type\":\"1\",\"discount_amount\":50,\"subtotal_price\":450,\"shop_id\":\"11\"}]'),
(43, 'INC2020I43', 4, 14, 0, '{\"name\":\"rahul solanki\",\"email\":\"rahul@gmail.com\",\"postal_code\":\"452001\",\"phone\":\"452001\",\"address\":\"indore\",\"latitude\":\"\",\"longitude\":\"\"}', 'cash', 'unpaid', 0, 900, 1, 0, '', '2020-07-25 07:53:39', '0000-00-00 00:00:00', '0000-00-00 00:00:00', '', 1, '2020-07-25 07:53:39', '[{\"id\":\"10\",\"name\":\"nirbhay gander\",\"choice_1\":\"L\",\"variations\":\"[{\\\"Size\\\":\\\"L\\\"}]\",\"quantity\":\"1\",\"main_image\":\"580671_1575635471.jpg\",\"mrp_price\":\"1000.00\",\"price\":900,\"discount\":\"10\",\"discount_type\":\"1\",\"discount_amount\":100,\"subtotal_price\":900,\"shop_id\":\"4\"}]'),
(44, 'INC2020I44', 5, 16, 0, '{\"name\":\"vijay karma\",\"email\":\"vijaykarma@yahoo.com\",\"postal_code\":\"452001\",\"phone\":\"452001\",\"address\":\"iet davv khandwa road indore\",\"latitude\":\"\",\"longitude\":\"\"}', 'cash', 'unpaid', 0, 0.99, 1, 0, '', '2020-07-25 13:00:57', '0000-00-00 00:00:00', '0000-00-00 00:00:00', '', 1, '2020-07-25 13:00:57', '[{\"id\":\"29\",\"name\":\"product\",\"variations\":\"[]\",\"quantity\":\"1\",\"main_image\":\"12149_1593498329.png\",\"mrp_price\":\"1.00\",\"price\":0.99,\"discount\":\"1\",\"discount_type\":\"1\",\"discount_amount\":0.01,\"subtotal_price\":0.99,\"shop_id\":\"5\"}]'),
(45, 'INC2020I45', 4, 16, 0, '{\"name\":\"vijay karma\",\"email\":\"vijaykarma@yahoo.com\",\"postal_code\":\"452001\",\"phone\":\"452001\",\"address\":\"iet davv khandwa road indore\",\"latitude\":\"\",\"longitude\":\"\"}', 'cash', 'unpaid', 0, 900, 1, 0, '', '2020-07-25 13:03:10', '0000-00-00 00:00:00', '0000-00-00 00:00:00', '', 1, '2020-07-25 13:03:10', '[{\"id\":\"6\",\"name\":\"nirbhay gander\",\"variations\":\"[]\",\"quantity\":\"1\",\"main_image\":\"16978_1575637134.jpg\",\"mrp_price\":\"1000.00\",\"price\":900,\"discount\":\"10\",\"discount_type\":\"1\",\"discount_amount\":100,\"subtotal_price\":900,\"shop_id\":\"4\"}]'),
(46, 'INC2020I46', 10, 16, 0, '{\"name\":\"vijay karma\",\"email\":\"vijaykarma@yahoo.com\",\"postal_code\":\"452001\",\"phone\":\"452001\",\"address\":\"iet davv khandwa road indore\",\"latitude\":\"\",\"longitude\":\"\"}', 'cash', 'unpaid', 0, 90, 1, 0, '', '2020-07-25 13:12:19', '0000-00-00 00:00:00', '0000-00-00 00:00:00', '', 1, '2020-07-25 13:12:19', '[{\"id\":\"18\",\"name\":\"Braclet\",\"variations\":\"[]\",\"quantity\":\"1\",\"main_image\":\"16789_1593495109.jpg\",\"mrp_price\":\"100.00\",\"price\":90,\"discount\":\"10\",\"discount_type\":\"1\",\"discount_amount\":10,\"subtotal_price\":90,\"shop_id\":\"10\"}]'),
(47, 'INC2020I47', 5, 4, 0, '{\"name\":\"nirbhay gander\",\"email\":\"nirbhay.espsofttech@gmail.com\",\"postal_code\":\"452001\",\"phone\":\"452001\",\"address\":\"155,vijay nagar indore, 155,vijay nagar indore\",\"latitude\":\"22.71720790\",\"longitude\":\"75.86841130\"}', 'cash', 'unpaid', 0, 900, 1, 0, '', '2020-07-25 13:39:25', '0000-00-00 00:00:00', '0000-00-00 00:00:00', '', 1, '2020-07-25 13:39:25', '[{\"id\":\"11\",\"name\":\"Sofa set\",\"color\":\"#F08080\",\"variations\":\"[]\",\"quantity\":\"1\",\"main_image\":\"10144_1593777145.jpg\",\"mrp_price\":\"1000.00\",\"price\":900,\"discount\":\"10\",\"discount_type\":\"1\",\"discount_amount\":100,\"subtotal_price\":900,\"shop_id\":\"5\"}]'),
(48, 'INC2020I48', 11, 4, 0, '{\"name\":\"nirbhay gander\",\"email\":\"nirbhay.espsofttech@gmail.com\",\"postal_code\":\"452001\",\"phone\":\"452001\",\"address\":\"155,vijay nagar indore, 155,vijay nagar indore\",\"latitude\":\"22.71720790\",\"longitude\":\"75.86841130\"}', 'cash', 'unpaid', 0, 450, 1, 0, '', '2020-07-25 13:42:47', '0000-00-00 00:00:00', '0000-00-00 00:00:00', '', 1, '2020-07-25 13:42:47', '[{\"id\":\"15\",\"name\":\"Simple Blouse\",\"variations\":\"[]\",\"quantity\":\"1\",\"main_image\":\"7012_1592814902.jpg\",\"mrp_price\":\"500.00\",\"price\":450,\"discount\":\"10\",\"discount_type\":\"1\",\"discount_amount\":50,\"subtotal_price\":450,\"shop_id\":\"11\"}]'),
(49, 'INC2020I49', 5, 4, 0, '{\"name\":\"nirbhay gander\",\"email\":\"nirbhay.espsofttech@gmail.com\",\"postal_code\":\"452001\",\"phone\":\"452001\",\"address\":\"155,vijay nagar indore, 155,vijay nagar indore\",\"latitude\":\"22.71720790\",\"longitude\":\"75.86841130\"}', 'cash', 'unpaid', 0, 900, 1, 0, '', '2020-07-25 13:43:36', '0000-00-00 00:00:00', '0000-00-00 00:00:00', '', 1, '2020-07-25 13:43:36', '[{\"id\":\"11\",\"name\":\"Sofa set\",\"color\":\"#F08080\",\"variations\":\"[]\",\"quantity\":\"1\",\"main_image\":\"10144_1593777145.jpg\",\"mrp_price\":\"1000.00\",\"price\":900,\"discount\":\"10\",\"discount_type\":\"1\",\"discount_amount\":100,\"subtotal_price\":900,\"shop_id\":\"5\"}]'),
(50, 'INC2020I50', 5, 4, 0, '{\"name\":\"nirbhay gander\",\"email\":\"nirbhay.espsofttech@gmail.com\",\"postal_code\":\"452001\",\"phone\":\"452001\",\"address\":\"155,vijay nagar indore, 155,vijay nagar indore\",\"latitude\":\"22.71720790\",\"longitude\":\"75.86841130\"}', 'cash', 'unpaid', 0, 900, 1, 0, '', '2020-07-25 13:44:12', '0000-00-00 00:00:00', '0000-00-00 00:00:00', '', 1, '2020-07-25 13:44:12', '[{\"id\":\"11\",\"name\":\"Sofa set\",\"color\":\"#F08080\",\"variations\":\"[]\",\"quantity\":\"1\",\"main_image\":\"10144_1593777145.jpg\",\"mrp_price\":\"1000.00\",\"price\":900,\"discount\":\"10\",\"discount_type\":\"1\",\"discount_amount\":100,\"subtotal_price\":900,\"shop_id\":\"5\"}]'),
(51, 'INC2020I51', 5, 4, 0, '{\"name\":\"nirbhay gander\",\"email\":\"nirbhay.espsofttech@gmail.com\",\"postal_code\":\"452001\",\"phone\":\"452001\",\"address\":\"155,vijay nagar indore, 155,vijay nagar indore\",\"latitude\":\"22.71720790\",\"longitude\":\"75.86841130\"}', 'cash', 'unpaid', 0, 900, 1, 0, '', '2020-07-25 13:45:27', '0000-00-00 00:00:00', '0000-00-00 00:00:00', '', 1, '2020-07-25 13:45:27', '[{\"id\":\"11\",\"name\":\"Sofa set\",\"color\":\"#F08080\",\"variations\":\"[]\",\"quantity\":\"1\",\"main_image\":\"10144_1593777145.jpg\",\"mrp_price\":\"1000.00\",\"price\":900,\"discount\":\"10\",\"discount_type\":\"1\",\"discount_amount\":100,\"subtotal_price\":900,\"shop_id\":\"5\"}]'),
(52, 'INC2020I52', 5, 16, 0, '{\"name\":\"vijay karma\",\"email\":\"vijaykarma@yahoo.com\",\"postal_code\":\"452001\",\"phone\":\"452001\",\"address\":\"iet davv khandwa road indore\",\"latitude\":\"\",\"longitude\":\"\"}', 'cash', 'unpaid', 0, 0.99, 1, 0, '', '2020-07-25 14:23:13', '0000-00-00 00:00:00', '0000-00-00 00:00:00', '', 1, '2020-07-25 14:23:13', '[{\"id\":\"27\",\"name\":\"Anckel\",\"variations\":\"[]\",\"quantity\":\"1\",\"main_image\":\"6476_1593776742.jpg\",\"mrp_price\":\"1.00\",\"price\":0.99,\"discount\":\"1\",\"discount_type\":\"1\",\"discount_amount\":0.01,\"subtotal_price\":0.99,\"shop_id\":\"5\"}]'),
(53, 'INC2020I53', 5, 16, 0, '{\"name\":\"vijay karma\",\"email\":\"vijaykarma@yahoo.com\",\"postal_code\":\"452001\",\"phone\":\"452001\",\"address\":\"iet davv khandwa road indore\",\"latitude\":\"\",\"longitude\":\"\"}', 'cash', 'unpaid', 0, -1.01, 1, 0, '', '2020-07-25 15:09:28', '0000-00-00 00:00:00', '0000-00-00 00:00:00', '', 1, '2020-07-25 15:09:28', '[{\"id\":\"13\",\"name\":\"asdasd\",\"choice_1\":\"\",\"variations\":\"[{\\\"\\\":\\\"\\\"}]\",\"quantity\":\"1\",\"main_image\":\"19477_1592566209.jpg\",\"mrp_price\":\"12.00\",\"price\":-2,\"discount\":\"14\",\"discount_type\":\"2\",\"discount_amount\":\"14\",\"subtotal_price\":-2,\"shop_id\":\"10\"},{\"id\":\"27\",\"name\":\"Anckel\",\"variations\":\"[]\",\"quantity\":\"1\",\"main_image\":\"6476_1593776742.jpg\",\"mrp_price\":\"1.00\",\"price\":0.99,\"discount\":\"1\",\"discount_type\":\"1\",\"discount_amount\":0.01,\"subtotal_price\":0.99,\"shop_id\":\"5\"}]'),
(54, 'INC2020I54', 12, 14, 0, '{\"name\":\"rahul solanki\",\"email\":\"rahul@gmail.com\",\"postal_code\":\"452001\",\"phone\":\"452001\",\"address\":\"indore\",\"latitude\":\"\",\"longitude\":\"\"}', 'cash', 'unpaid', 0, 9.9, 1, 0, '', '2020-07-26 05:37:19', '0000-00-00 00:00:00', '0000-00-00 00:00:00', '', 1, '2020-07-26 05:37:19', '[{\"id\":\"25\",\"name\":\"Almond\",\"variations\":\"[]\",\"quantity\":\"1\",\"main_image\":\"16379_1594017235.jpg\",\"mrp_price\":\"10.00\",\"price\":9.9,\"discount\":\"1\",\"discount_type\":\"1\",\"discount_amount\":0.1,\"subtotal_price\":9.9,\"shop_id\":\"12\"}]'),
(55, 'INC2020I55', 11, 16, 0, '{\"name\":\"vijay karma\",\"email\":\"vijaykarma@yahoo.com\",\"postal_code\":\"452001\",\"phone\":\"452001\",\"address\":\"iet davv khandwa road indore\",\"latitude\":\"\",\"longitude\":\"\"}', 'cash', 'unpaid', 0, 450, 1, 0, '', '2020-07-26 07:48:35', '0000-00-00 00:00:00', '0000-00-00 00:00:00', '', 1, '2020-07-26 07:48:35', '[{\"id\":\"15\",\"name\":\"Simple Blouse\",\"variations\":\"[]\",\"quantity\":\"1\",\"main_image\":\"7012_1592814902.jpg\",\"mrp_price\":\"500.00\",\"price\":450,\"discount\":\"10\",\"discount_type\":\"1\",\"discount_amount\":50,\"subtotal_price\":450,\"shop_id\":\"11\"}]'),
(56, 'INC2020I56', 5, 16, 0, '{\"name\":\"vijay karma\",\"email\":\"vijaykarma@yahoo.com\",\"postal_code\":\"452001\",\"phone\":\"452001\",\"address\":\"iet davv khandwa road indore\",\"latitude\":\"\",\"longitude\":\"\"}', 'cash', 'unpaid', 0, 900, 1, 0, '', '2020-07-26 12:07:48', '0000-00-00 00:00:00', '0000-00-00 00:00:00', '', 1, '2020-07-26 12:07:48', '[{\"id\":\"11\",\"name\":\"Sofa set\",\"color\":\"#F08080\",\"variations\":\"[]\",\"quantity\":\"1\",\"main_image\":\"10144_1593777145.jpg\",\"mrp_price\":\"1000.00\",\"price\":900,\"discount\":\"10\",\"discount_type\":\"1\",\"discount_amount\":100,\"subtotal_price\":900,\"shop_id\":\"5\"}]'),
(57, 'INC2020I57', 11, 16, 0, '{\"name\":\"vijay karma\",\"email\":\"vijaykarma@yahoo.com\",\"postal_code\":\"452001\",\"phone\":\"452001\",\"address\":\"iet davv khandwa road indore\",\"latitude\":\"\",\"longitude\":\"\"}', 'cash', 'paid', 0, 450, 1, 0, '', '2020-08-21 11:14:08', '0000-00-00 00:00:00', '0000-00-00 00:00:00', '', 1, '2020-07-26 12:10:21', '[{\"id\":\"15\",\"name\":\"Simple Blouse\",\"variations\":\"[]\",\"quantity\":\"1\",\"main_image\":\"7012_1592814902.jpg\",\"mrp_price\":\"500.00\",\"price\":450,\"discount\":\"10\",\"discount_type\":\"1\",\"discount_amount\":50,\"subtotal_price\":450,\"shop_id\":\"11\"}]'),
(58, 'INC2020I58', 5, 4, 0, '{\"name\":\"nirbhay gander\",\"email\":\"nirbhay.espsofttech@gmail.com\",\"postal_code\":\"452001\",\"phone\":\"452001\",\"address\":\"155,vijay nagar indore, 155,vijay nagar indore\",\"latitude\":\"22.71720790\",\"longitude\":\"75.86841130\"}', 'cash', 'unpaid', 0, 900, 1, 0, '', '2020-07-27 05:13:45', '0000-00-00 00:00:00', '0000-00-00 00:00:00', '', 1, '2020-07-27 05:13:45', '[{\"id\":\"11\",\"name\":\"Sofa set\",\"color\":\"#F08080\",\"variations\":\"[]\",\"quantity\":\"1\",\"main_image\":\"10144_1593777145.jpg\",\"mrp_price\":\"1000.00\",\"price\":900,\"discount\":\"10\",\"discount_type\":\"1\",\"discount_amount\":100,\"subtotal_price\":900,\"shop_id\":\"5\"}]'),
(59, 'INC2020I59', 12, 36, 0, '{\"name\":\"asfsa asdd\",\"email\":\"\",\"postal_code\":\"0\",\"phone\":\"0\",\"address\":\"\",\"latitude\":\"\",\"longitude\":\"\"}', 'cash', 'unpaid', 0, 0.9, 1, 0, '', '2020-07-27 10:16:03', '0000-00-00 00:00:00', '0000-00-00 00:00:00', '', 1, '2020-07-27 10:16:03', '[{\"id\":\"20\",\"name\":\"Full Sleves\",\"variations\":\"[]\",\"quantity\":\"1\",\"main_image\":\"14464_1594017371.jpg\",\"mrp_price\":\"1.00\",\"price\":0.9,\"discount\":\"10\",\"discount_type\":\"1\",\"discount_amount\":0.1,\"subtotal_price\":0.9,\"shop_id\":\"12\"}]'),
(60, 'INC2020I60', 5, 16, 0, '{\"name\":\"vijay karma\",\"email\":\"vijaykarma@yahoo.com\",\"postal_code\":\"452001\",\"phone\":\"452001\",\"address\":\"iet davv khandwa road indore\",\"latitude\":\"\",\"longitude\":\"\"}', 'cash', 'unpaid', 0, 0.99, 1, 0, '', '2020-07-27 16:43:25', '0000-00-00 00:00:00', '0000-00-00 00:00:00', '', 1, '2020-07-27 16:43:25', '[{\"id\":\"27\",\"name\":\"Anckel\",\"variations\":\"[]\",\"quantity\":\"1\",\"main_image\":\"6476_1593776742.jpg\",\"mrp_price\":\"1.00\",\"price\":0.99,\"discount\":\"1\",\"discount_type\":\"1\",\"discount_amount\":0.01,\"subtotal_price\":0.99,\"shop_id\":\"5\"}]'),
(61, 'INC2020I61', 5, 16, 0, '{\"name\":\"vijay karma\",\"email\":\"vijaykarma@yahoo.com\",\"postal_code\":\"452001\",\"phone\":\"452001\",\"address\":\"iet davv khandwa road indore\",\"latitude\":\"\",\"longitude\":\"\"}', 'cash', 'unpaid', 0, -8.01, 1, 0, '', '2020-07-28 03:39:38', '0000-00-00 00:00:00', '0000-00-00 00:00:00', '', 1, '2020-07-28 03:39:38', '[{\"id\":\"21\",\"name\":\"Newyeargift\",\"variations\":\"[]\",\"quantity\":\"1\",\"main_image\":\"54115_1593495543.jpg\",\"mrp_price\":\"1.00\",\"price\":-9,\"discount\":\"10\",\"discount_type\":\"2\",\"discount_amount\":\"10\",\"subtotal_price\":-9,\"shop_id\":\"12\"},{\"id\":\"27\",\"name\":\"Anckel\",\"variations\":\"[]\",\"quantity\":\"1\",\"main_image\":\"6476_1593776742.jpg\",\"mrp_price\":\"1.00\",\"price\":0.99,\"discount\":\"1\",\"discount_type\":\"1\",\"discount_amount\":0.01,\"subtotal_price\":0.99,\"shop_id\":\"5\"}]'),
(62, 'INC2020I62', 5, 4, 0, '{\"name\":\"\",\"email\":\"\",\"postal_code\":\"452001\",\"phone\":\"\",\"address\":\"indore\",\"latitude\":\"787979\",\"longitude\":\"78979879\"}', 'cash', 'unpaid', 0, 900, 1, 0, '', '2020-07-28 06:04:42', '0000-00-00 00:00:00', '0000-00-00 00:00:00', '', 1, '2020-07-28 06:04:42', '[{\"id\":\"11\",\"name\":\"Sofa set\",\"color\":\"#E9967A\",\"variations\":\"[]\",\"quantity\":\"1\",\"main_image\":\"10144_1593777145.jpg\",\"mrp_price\":\"1000.00\",\"price\":900,\"discount\":\"10\",\"discount_type\":\"1\",\"discount_amount\":100,\"subtotal_price\":900,\"shop_id\":\"5\"}]'),
(63, 'INC2020I63', 10, 16, 0, '{\"address_id\":\"newadd\",\"name\":\"vijay karma\",\"email\":\"vijaykarma@yahoo.com\",\"postal_code\":\"452001\",\"phone\":\"1234567890\",\"address\":\"iet davv campus khandwa road indore\"}', 'cash', 'unpaid', 0, 1.76, 1, 0, '', '2020-07-28 07:11:26', '0000-00-00 00:00:00', '0000-00-00 00:00:00', '', 1, '2020-07-28 07:11:26', '[{\"id\":\"12\",\"name\":\"12\",\"variations\":\"[]\",\"quantity\":\"1\",\"main_image\":\"29866_1592564529.png\",\"mrp_price\":\"1.00\",\"price\":0.88,\"discount\":\"12\",\"discount_type\":\"1\",\"discount_amount\":0.12,\"subtotal_price\":0.88,\"shop_id\":\"10\"},{\"id\":\"12\",\"name\":\"12\",\"variations\":\"[]\",\"quantity\":\"1\",\"main_image\":\"29866_1592564529.png\",\"mrp_price\":\"1.00\",\"price\":0.88,\"discount\":\"12\",\"discount_type\":\"1\",\"discount_amount\":0.12,\"subtotal_price\":0.88,\"shop_id\":\"10\"}]'),
(64, 'INC2020I64', 10, 16, 0, '{\"address_id\":\"newadd\",\"name\":\"vijay karma\",\"email\":\"vijaykarma@yahoo.com\",\"postal_code\":\"452001\",\"phone\":\"1234567890\",\"address\":\"iet davv campus khandwa road indore 452001\"}', 'cash', 'unpaid', 0, 1.96, 1, 0, '', '2020-07-28 07:27:37', '0000-00-00 00:00:00', '0000-00-00 00:00:00', '', 1, '2020-07-28 07:27:37', '[{\"id\":\"16\",\"name\":\"Asbash\",\"variations\":\"[]\",\"quantity\":\"1\",\"main_image\":\"17375_1592900607.jpg\",\"mrp_price\":\"2.00\",\"price\":1.96,\"discount\":\"2\",\"discount_type\":\"1\",\"discount_amount\":0.04,\"subtotal_price\":1.96,\"shop_id\":\"10\"}]'),
(65, 'INC2020I65', 4, 14, 0, '{\"name\":\"\",\"email\":\"\",\"postal_code\":\"452001\",\"phone\":\"\",\"address\":\"Teacher colony , indore\",\"latitude\":\"4654.464.\",\"longitude\":\"4464.64\"}', 'cash', 'unpaid', 0, 1800, 1, 0, '', '2020-08-14 05:35:23', '0000-00-00 00:00:00', '0000-00-00 00:00:00', '', 1, '2020-08-14 05:35:23', '[{\"id\":\"11\",\"name\":\"Sofa set\",\"color\":\"#F08080\",\"variations\":\"[]\",\"quantity\":\"1\",\"main_image\":\"10144_1593777145.jpg\",\"mrp_price\":\"1000.00\",\"price\":900,\"discount\":\"10\",\"discount_type\":\"1\",\"discount_amount\":100,\"subtotal_price\":900,\"shop_id\":\"5\"},{\"id\":\"6\",\"name\":\"nirbhay gander\",\"variations\":\"[]\",\"quantity\":\"1\",\"main_image\":\"16978_1575637134.jpg\",\"mrp_price\":\"1000.00\",\"price\":900,\"discount\":\"10\",\"discount_type\":\"1\",\"discount_amount\":100,\"subtotal_price\":900,\"shop_id\":\"4\"}]'),
(66, 'INC2020I66', 4, 40, 0, '{\"address_id\":\"newadd\",\"name\":\"chitransh mandloi\",\"email\":\"\",\"postal_code\":\"0\",\"phone\":\"0\",\"address\":\"Indore\"}', 'cash', 'unpaid', 0, 1800, 1, 0, '', '2020-08-15 14:16:20', '0000-00-00 00:00:00', '0000-00-00 00:00:00', '', 1, '2020-08-15 14:16:20', '[{\"id\":\"10\",\"name\":\"nirbhay gander\",\"choice_1\":\"L\",\"variations\":\"[{\\\"Size\\\":\\\"L\\\"}]\",\"quantity\":\"1\",\"main_image\":\"580671_1575635471.jpg\",\"mrp_price\":\"1000.00\",\"price\":900,\"discount\":\"10\",\"discount_type\":\"1\",\"discount_amount\":100,\"subtotal_price\":900,\"shop_id\":\"4\"},{\"id\":\"10\",\"name\":\"nirbhay gander\",\"choice_1\":\"L\",\"variations\":\"[{\\\"Size\\\":\\\"L\\\"}]\",\"quantity\":\"1\",\"main_image\":\"580671_1575635471.jpg\",\"mrp_price\":\"1000.00\",\"price\":900,\"discount\":\"10\",\"discount_type\":\"1\",\"discount_amount\":100,\"subtotal_price\":900,\"shop_id\":\"4\"}]');

-- --------------------------------------------------------

--
-- Table structure for table `product`
--

CREATE TABLE `product` (
  `product_id` int(11) NOT NULL,
  `product_reg_id` varchar(250) COLLATE utf8_unicode_ci NOT NULL,
  `shop_id` int(11) NOT NULL COMMENT 'it a shop user id',
  `categories_id` int(11) NOT NULL,
  `sub_categories_id` int(11) NOT NULL,
  `name` varchar(250) COLLATE utf8_unicode_ci NOT NULL,
  `description` text COLLATE utf8_unicode_ci NOT NULL,
  `quantity` int(11) NOT NULL,
  `unit_price` float(10,2) NOT NULL,
  `discount` float NOT NULL,
  `discount_type` enum('1','2') COLLATE utf8_unicode_ci NOT NULL COMMENT '1="Percentage" 2="Flat"',
  `colors` text COLLATE utf8_unicode_ci NOT NULL,
  `choice_options` text COLLATE utf8_unicode_ci NOT NULL,
  `variations` text COLLATE utf8_unicode_ci NOT NULL,
  `unit` varchar(50) COLLATE utf8_unicode_ci NOT NULL,
  `return_policy` text COLLATE utf8_unicode_ci NOT NULL,
  `product_images` text COLLATE utf8_unicode_ci NOT NULL,
  `main_image` varchar(255) COLLATE utf8_unicode_ci NOT NULL,
  `tags` text COLLATE utf8_unicode_ci NOT NULL,
  `meta_title` varchar(255) COLLATE utf8_unicode_ci NOT NULL,
  `meta_description` text COLLATE utf8_unicode_ci NOT NULL,
  `meta_image` varchar(255) COLLATE utf8_unicode_ci NOT NULL,
  `num_of_sale` int(11) NOT NULL,
  `status` int(11) NOT NULL COMMENT '1="active" 0="Deactive" 3="Delete"',
  `featured_status` int(11) NOT NULL,
  `clearance_status` int(11) NOT NULL COMMENT '1="Under Product Clearence"',
  `create_date` datetime NOT NULL
) ENGINE=MyISAM DEFAULT CHARSET=utf8 COLLATE=utf8_unicode_ci
PARTITION BY HASH (product_id)
PARTITIONS 5;

--
-- Dumping data for table `product`
--

INSERT INTO `product` (`product_id`, `product_reg_id`, `shop_id`, `categories_id`, `sub_categories_id`, `name`, `description`, `quantity`, `unit_price`, `discount`, `discount_type`, `colors`, `choice_options`, `variations`, `unit`, `return_policy`, `product_images`, `main_image`, `tags`, `meta_title`, `meta_description`, `meta_image`, `num_of_sale`, `status`, `featured_status`, `clearance_status`, `create_date`) VALUES
(10, 'P0010', 4, 2, 4, 'nirbhay gander', 'Lorem ipsum dolor sit amet, consectetur adipiscing elit. Nam fringilla augue nec est tristique auctor. Donec non est at libero vulputate rutrum. Morbi ornare lectus quis justo gravida semper. Nulla tellus mi, vulputate adipiscing cursus eu, suscipit id nulla. Donec a neque libero. Pellentesque aliquet, sem eget laoreet ultrices, ipsum metus feugiat sem, quis fermentum turpis eros eget velit.', 10, 1000.00, 10, '1', '[]', '[{\"name\":\"choice_1\",\"title\":\"Size\",\"options\":[\"L\"]}]', '{\"L\":{\"price\":\"1000.00\",\"sku\":\"ng-L\",\"qty\":\"10\"}}', '', '    sdf    ', '[\"10310_1575463506.png\",\"2309_1575463506.jpg\",\"7241_1575463506.png\"]', '580671_1575635471.jpg', 'T-shirt', 'T-shirt', 'dsfsdf', '2309_1575463921.jpg', 0, 1, 1, 0, '2019-12-06 13:31:11'),
(5, 'P005', 4, 2, 0, 'nirbhay gander', 'Lorem ipsum dolor sit amet, consectetur adipiscing elit. Nam fringilla augue nec est tristique auctor. Donec non est at libero vulputate rutrum. Morbi ornare lectus quis justo gravida semper. Nulla tellus mi, vulputate adipiscing cursus eu, suscipit id nulla. Donec a neque libero. Pellentesque aliquet, sem eget laoreet ultrices, ipsum metus feugiat sem, quis fermentum turpis eros eget velit.', 1000, 1000.00, 10, '1', '[\"#FA8072\",\"#E9967A\"]', '[]', '{\"Salmon\":{\"price\":\"1000.00\",\"sku\":\"ng-Salmon\",\"qty\":\"10\"},\"DarkSalmon\":{\"price\":\"1000.00\",\"sku\":\"ng-DarkSalmon\",\"qty\":\"10\"}}', '', ' sdfsdfdsf ', '[\"10310_1575375150.png\",\"2309_1575375150.jpg\"]', '15458_1575635359.jpg', 'belt', 'belt', 'belt', '', 0, 1, 1, 0, '2019-12-06 13:29:19'),
(15, 'P0015', 11, 12, 13, 'Simple Blouse', 'Lorem ipsum dolor sit amet, consectetur adipiscing elit. Nam fringilla augue nec est tristique auctor. Donec non est at libero vulputate rutrum. Morbi ornare lectus quis justo gravida semper. Nulla tellus mi, vulputate adipiscing cursus eu, suscipit id nulla. Donec a neque libero. Pellentesque aliquet, sem eget laoreet ultrices, ipsum metus feugiat sem, quis fermentum turpis eros eget velit.', 1, 500.00, 10, '1', '[]', '[]', '[]', '', 'within a week', '[\"7012_1592814902.jpg\"]', '7012_1592814902.jpg', 'Blouse', 'Blouse', 'A simple blouse', '', 0, 1, 0, 0, '2020-06-22 08:35:02'),
(20, 'P0020', 12, 3, 28, 'Full Sleves', '   Lorem ipsum dolor sit amet, consectetur adipiscing elit. Nam fringilla augue nec est tristique auctor. Donec non est at libero vulputate rutrum. Morbi ornare lectus quis justo gravida semper. Nulla tellus mi, vulputate adipiscing cursus eu, suscipit id nulla. Donec a neque libero. Pellentesque aliquet, sem eget laoreet ultrices, ipsum metus feugiat sem, quis fermentum turpis eros eget velit.   ', 1, 1.00, 10, '1', '[]', '[]', '[]', '', '        ', '[\"11273_1594016770.jpg\"]', '14464_1594017371.jpg', 'asdasd', 'asdasd', 'asdasda', '', 0, 1, 1, 1, '2020-07-06 06:36:11'),
(25, 'P0025', 12, 9, 21, 'Almond', ' Lorem ipsum dolor sit amet, consectetur adipiscing elit. Nam fringilla augue nec est tristique auctor. Donec non est at libero vulputate rutrum. Morbi ornare lectus quis justo gravida semper. Nulla tellus mi, vulputate adipiscing cursus eu, suscipit id nulla. Donec a neque libero. Pellentesque aliquet, sem eget laoreet ultrices, ipsum metus feugiat sem, quis fermentum turpis eros eget velit. ', 500, 10.00, 1, '1', '[]', '[]', '[]', '', '    ', '[\"25019_1594017235.jpg\"]', '16379_1594017235.jpg', 'sdfsdf', 'sdfsdf', 'sdfsd', '', 0, 1, 1, 1, '2020-07-06 06:33:55'),
(30, 'P0030', 5, 7, 24, 'Pursee', '      Are you planning to build your own&nbsp;multi-vendor&nbsp;marketplace website for your ... Every seller/vendor has a unique URL and metadata like meta&nbsp;description&nbsp;and meta ... With 350 projects and some 200,000 man hours under our&nbsp;belts        Lorem ipsum dolor sit amet, consectetur adipiscing elit. Nam fringilla augue nec est tristique auctor. Donec non est at libero vulputate rutrum. Morbi ornare lectus quis justo gravida semper. Nulla tellus mi, vulputate adipiscing cursus eu, suscipit id nulla. Donec a neque libero. Pellentesque aliquet, sem eget laoreet ultrices, ipsum metus feugiat sem, quis fermentum turpis eros eget velit.    ', 1, 1.00, 1, '1', '[]', '[{\"name\":\"choice_1\",\"title\":\"size\",\"options\":[\"7\"]}]', '{\"7\":{\"price\":null,\"sku\":null,\"qty\":null}}', '', '                  ', '[\"3075_1593777331.jpg\",\"3709_1593777331.jpg\",\"4508_1593777331.jpg\",\"3241_1593777331.jpg\",\"5232_1593777331.jpg\",\"8836_1593777331.jpg\"]', '1852_1593498384.jpg', 'sdf', 'sdfs', 'sdfs', '', 0, 1, 0, 1, '2020-07-18 06:35:49'),
(6, 'P006', 4, 2, 0, 'nirbhay gander', 'Lorem ipsum dolor sit amet, consectetur adipiscing elit. Nam fringilla augue nec est tristique auctor. Donec non est at libero vulputate rutrum. Morbi ornare lectus quis justo gravida semper. Nulla tellus mi, vulputate adipiscing cursus eu, suscipit id nulla. Donec a neque libero. Pellentesque aliquet, sem eget laoreet ultrices, ipsum metus feugiat sem, quis fermentum turpis eros eget velit.', 1000, 1000.00, 10, '1', '[]', '[]', '[]', '', '   sdfsdfdsf   ', '[]', '16978_1575637134.jpg', 'shooes', 'shooes', 'shooes', '', 0, 1, 1, 0, '2019-12-06 13:58:54'),
(1, '', 4, 3, 0, 'Mens T-shirt', 'Lorem ipsum dolor sit amet, consectetur adipiscing elit. Nam fringilla augue nec est tristique auctor. Donec non est at libero vulputate rutrum. Morbi ornare lectus quis justo gravida semper. Nulla tellus mi, vulputate adipiscing cursus eu, suscipit id nulla. Donec a neque libero. Pellentesque aliquet, sem eget laoreet ultrices, ipsum metus feugiat sem, quis fermentum turpis eros eget velit.', 1000, 200.00, 10, '1', '', '', '', '', '', '', '', '', '', '', '', 0, 3, 0, 0, '2019-11-13 08:41:17'),
(11, 'P0011', 5, 2, 4, 'Sofa set', ' Super Comfortable Eclipse Series&nbsp;Sofa&nbsp;thats Ergonomically designed and Aesthetically appealing from PRIMROSE. ', 10, 1000.00, 10, '1', '[\"#F08080\",\"#FA8072\",\"#E9967A\"]', '[]', '{\"LightCoral\":{\"price\":\"1000.00\",\"sku\":\"Ss-LightCoral\",\"qty\":\"10\"},\"Salmon\":{\"price\":\"1000.00\",\"sku\":\"Ss-Salmon\",\"qty\":\"10\"},\"DarkSalmon\":{\"price\":\"1000.00\",\"sku\":\"Ss-DarkSalmon\",\"qty\":\"10\"}}', '', '  2&nbsp; hours&nbsp;  ', '[\"6433_1593777145.jpg\",\"5379_1593777145.jpg\",\"6252_1593777145.jpg\",\"7842_1593777145.jpg\",\"10296_1593777145.jpg\"]', '10144_1593777145.jpg', 'sofaset', 'sofaset', 'Furniture', '3689_1585314195.png', 0, 1, 1, 0, '2020-07-03 11:52:25'),
(16, 'P0016', 10, 7, 0, 'Asbash', 'Lorem ipsum dolor sit amet, consectetur adipiscing elit. Nam fringilla augue nec est tristique auctor. Donec non est at libero vulputate rutrum. Morbi ornare lectus quis justo gravida semper. Nulla tellus mi, vulputate adipiscing cursus eu, suscipit id nulla. Donec a neque libero. Pellentesque aliquet, sem eget laoreet ultrices, ipsum metus feugiat sem, quis fermentum turpis eros eget velit.', 12, 2.00, 2, '1', '[]', '[]', '[]', '', 'asd', '[\"17375_1592900607.jpg\"]', '17375_1592900607.jpg', 'sd', 'sd', 'sd', '2058_1592900607.png', 0, 1, 1, 1, '2020-06-23 08:23:27'),
(21, 'P0021', 12, 7, 25, 'Newyeargift', 'Lorem ipsum dolor sit amet, consectetur adipiscing elit. Nam fringilla augue nec est tristique auctor. Donec non est at libero vulputate rutrum. Morbi ornare lectus quis justo gravida semper. Nulla tellus mi, vulputate adipiscing cursus eu, suscipit id nulla. Donec a neque libero. Pellentesque aliquet, sem eget laoreet ultrices, ipsum metus feugiat sem, quis fermentum turpis eros eget velit.', 1, 1.00, 10, '2', '[]', '[]', '[]', '', '  ', '[\"54115_1593495543.jpg\"]', '54115_1593495543.jpg', 'asda', 'asdasd', 'sdasd', '', 0, 1, 1, 1, '2020-06-30 05:39:03'),
(26, 'P0026', 5, 6, 26, 'neckles', 'Lorem ipsum dolor sit amet, consectetur adipiscing elit. Nam fringilla augue nec est tristique auctor. Donec non est at libero vulputate rutrum. Morbi ornare lectus quis justo gravida semper. Nulla tellus mi, vulputate adipiscing cursus eu, suscipit id nulla. Donec a neque libero. Pellentesque aliquet, sem eget laoreet ultrices, ipsum metus feugiat sem, quis fermentum turpis eros eget velit.', 1, 1.00, 1, '1', '[]', '[]', '[]', '', '            ', '[\"11004_1593776937.jpg\",\"9684_1593776937.jpg\",\"9430_1593776937.jpg\",\"12673_1593776937.jpg\",\"10436_1593776937.jpg\"]', '16789_1593766784.jpg', 'neckles', 'neckles', 'sdf', '', 0, 1, 0, 1, '2020-07-03 11:48:57'),
(31, 'P0031', 5, 7, 24, 'xyz', '<p>zdfweresczx</p><p>dfdfA<br></p>', 1, 500.00, 10, '1', '[]', '[{\"name\":\"choice_1\",\"title\":\"\",\"options\":[\"\"]}]', '{\"\":{\"price\":null,\"sku\":null,\"qty\":null}}', '', 'EQW', '[]', '17533_1597392392.jpg', 'SHOES', 'FORMAL', 'SDFSDFWEs', '', 0, 0, 0, 0, '2020-08-14 08:06:32'),
(2, '', 4, 3, 0, 'Female T-shirt', 'Lorem ipsum dolor sit amet, consectetur adipiscing elit. Nam fringilla augue nec est tristique auctor. Donec non est at libero vulputate rutrum. Morbi ornare lectus quis justo gravida semper. Nulla tellus mi, vulputate adipiscing cursus eu, suscipit id nulla. Donec a neque libero. Pellentesque aliquet, sem eget laoreet ultrices, ipsum metus feugiat sem, quis fermentum turpis eros eget velit.', 1000, 1000.00, 10, '1', '', '', '', '', '', '', '', '', '', '', '', 0, 3, 0, 0, '2019-11-13 08:45:41'),
(7, 'P007', 4, 2, 4, 'nirbhay gander', 'Lorem ipsum dolor sit amet, consectetur adipiscing elit. Nam fringilla augue nec est tristique auctor. Donec non est at libero vulputate rutrum. Morbi ornare lectus quis justo gravida semper. Nulla tellus mi, vulputate adipiscing cursus eu, suscipit id nulla. Donec a neque libero. Pellentesque aliquet, sem eget laoreet ultrices, ipsum metus feugiat sem, quis fermentum turpis eros eget velit.', 10, 1000.00, 10, '1', '[\"#FA8072\",\"#E9967A\",\"#FFA07A\",\"#FFA07A\"]', '[{\"name\":\"choice_0\",\"title\":\"Size\",\"options\":[\"M\",\"L\",\"N\"]},{\"name\":\"choice_1\",\"title\":\"Lenth\",\"options\":[\"50\"]}]', '{\"Salmon-M-50\":{\"price\":\"1000.00\",\"sku\":\"ng-Salmon-M-50\",\"qty\":\"10\"},\"Salmon-L-50\":{\"price\":\"1000.00\",\"sku\":\"ng-Salmon-L-50\",\"qty\":\"10\"},\"Salmon-N-50\":{\"price\":\"1000.00\",\"sku\":\"ng-Salmon-N-50\",\"qty\":\"10\"},\"DarkSalmon-M-50\":{\"price\":\"1000.00\",\"sku\":\"ng-DarkSalmon-M-50\",\"qty\":\"10\"},\"DarkSalmon-L-50\":{\"price\":\"1000.00\",\"sku\":\"ng-DarkSalmon-L-50\",\"qty\":\"10\"},\"DarkSalmon-N-50\":{\"price\":\"1000.00\",\"sku\":\"ng-DarkSalmon-N-50\",\"qty\":\"10\"},\"LightSalmon-M-50\":{\"price\":\"1000.00\",\"sku\":\"ng-LightSalmon-M-50\",\"qty\":\"10\"},\"LightSalmon-L-50\":{\"price\":\"1000.00\",\"sku\":\"ng-LightSalmon-L-50\",\"qty\":\"10\"},\"LightSalmon-N-50\":{\"price\":\"1000.00\",\"sku\":\"ng-LightSalmon-N-50\",\"qty\":\"10\"}}', '', '                    dsfsdfsdf                    ', '[\"2309_1575455329.jpg\",\"7241_1575455329.png\",\"2309_1575457289.jpg\"]', '3857_1575635455.jpeg', 'begs', 'begs', 'begs', '', 0, 1, 0, 0, '2019-12-06 13:30:55'),
(12, 'P0012', 10, 2, 0, '12', 'Lorem ipsum dolor sit amet, consectetur adipiscing elit. Nam fringilla augue nec est tristique auctor. Donec non est at libero vulputate rutrum. Morbi ornare lectus quis justo gravida semper. Nulla tellus mi, vulputate adipiscing cursus eu, suscipit id nulla. Donec a neque libero. Pellentesque aliquet, sem eget laoreet ultrices, ipsum metus feugiat sem, quis fermentum turpis eros eget velit.', 12, 1.00, 12, '1', '[]', '[]', '[]', '', '12', '[\"17887_1592564529.jpg\"]', '29866_1592564529.png', 'aaa', 'a', 'a', '28346_1592564529.png', 0, 1, 0, 1, '2020-06-19 11:02:09'),
(17, 'P0017', 10, 7, 0, 'pant', 'Lorem ipsum dolor sit amet, consectetur adipiscing elit. Nam fringilla augue nec est tristique auctor. Donec non est at libero vulputate rutrum. Morbi ornare lectus quis justo gravida semper. Nulla tellus mi, vulputate adipiscing cursus eu, suscipit id nulla. Donec a neque libero. Pellentesque aliquet, sem eget laoreet ultrices, ipsum metus feugiat sem, quis fermentum turpis eros eget velit.', 1, 12.00, 12, '1', '[]', '[]', '[]', '', '  ', '[\"33430_1593494889.png\"]', '33430_1593494889.png', 'pant', 'pant', 'asd', '', 0, 1, 1, 1, '2020-06-30 05:28:09'),
(32, 'P0032', 65, 6, 90, 'THE PAJAMA FACTORY Womens OFFWHITE Printed Kurti with Elegent Palazzo', 'Care Instructions: Machine WashThis kurti comes with printed palazzofit: straight fit, 40length, 3/4 length sleevespalazzo pant: double elastic palazzo pant, flared palazzoThis kurti has front slit for your palazzo to flow as and when you walk.wash care: machine wash, hand wash. Do not bleach', 100, 1000.00, 900, '1', '[]', '[]', '[]', '', 'Care Instructions: Machine WashThis kurti comes with printed palazzofit: straight fit, 40length, 3/4 length sleevespalazzo pant: double elastic palazzo pant, flared palazzoThis kurti has front slit for your palazzo to flow as and when you walk.wash care: machine wash, hand wash. Do not bleach  ', '[]', '54741_1598266311.jpg', 'pajama', 'THE PAJAMA FACTORY Womens OFFWHITE Printed Kurti with Elegent Palazzo', 'THE PAJAMA FACTORY Womens OFFWHITE Printed Kurti with Elegent Palazzo', '89101_1598266311.jpg', 0, 0, 0, 0, '2020-08-24 10:51:51'),
(27, 'P0027', 5, 6, 26, 'Anckel', '  a woman\'s&nbsp;handbag&nbsp;or pocketbook. a small&nbsp;bag,&nbsp;pouch, or case for carrying money. anything resembling a&nbsp;purse&nbsp;in appearance, use, etc. a sum of money offered as a prize or reward.      Lorem ipsum dolor sit amet, consectetur adipiscing elit. Nam fringilla augue nec est tristique auctor. Donec non est at libero vulputate rutrum. Morbi ornare lectus quis justo gravida semper. Nulla tellus mi, vulputate adipiscing cursus eu, suscipit id nulla. Donec a neque libero. Pellentesque aliquet, sem eget laoreet ultrices, ipsum metus feugiat sem, quis fermentum turpis eros eget velitLorem ipsum dolor sit amet, consectetur adipiscing elit. Nam fringilla augue nec est tristique auctor. Donec non est at libero vulputate rutrum. Morbi ornare lectus quis justo gravida semper. Nulla tellus mi, vulputate adipiscing cursus eu, suscipit id nulla. Donec a neque libero. Pellentesque aliquet, sem eget laoreet ultrices, ipsum metus feugiat sem, quis fermentum turpis eros eget velit.Lorem ipsum dolor sit amet, consectetur adipiscing elit. Nam fringilla augue nec est tristique auctor. Donec non est at libero vulputate rutrum. Morbi ornare lectus quis justo gravida semper. Nulla tellus mi, vulputate adipiscing cursus eu, suscipit id nulla. Donec a neque libero. Pellentesque aliquet, sem eget laoreet ultrices, ipsum metus feugiat sem, quis fermentum turpis eros eget velit.', 1, 1.00, 1, '1', '[]', '[]', '[]', '', '        ', '[\"3656_1593498246.jpeg\",\"5951_1593776742.jpg\",\"3744_1593776778.jpg\"]', '6476_1593776742.jpg', 'Anckel', 'Anckel', 'fsdfsd', '', 0, 1, 0, 1, '2020-07-03 11:46:18'),
(8, 'P008', 4, 2, 4, 'nirbhay gander', 'Lorem ipsum dolor sit amet, consectetur adipiscing elit. Nam fringilla augue nec est tristique auctor. Donec non est at libero vulputate rutrum. Morbi ornare lectus quis justo gravida semper. Nulla tellus mi, vulputate adipiscing cursus eu, suscipit id nulla. Donec a neque libero. Pellentesque aliquet, sem eget laoreet ultrices, ipsum metus feugiat sem, quis fermentum turpis eros eget velit.', 10, 1000.00, 10, '1', '[]', '[{\"name\":\"choice_1\",\"title\":\"Size\",\"options\":[\"M\",\"L\",\"N\"]}]', '{\"M\":{\"price\":\"1000.00\",\"sku\":\"ng-M\",\"qty\":\"10\"},\"L\":{\"price\":\"1000.00\",\"sku\":\"ng-L\",\"qty\":\"10\"},\"N\":{\"price\":\"1000.00\",\"sku\":\"ng-N\",\"qty\":\"10\"}}', '', '   dsfsdf   ', '[]', '16596_1575635423.jpg', 'jwellery', 'jwellery', 'jwellery', '', 0, 1, 1, 0, '2019-12-06 13:30:23'),
(3, 'P003', 4, 2, 0, 'nirbhay gander', 'Lorem ipsum dolor sit amet, consectetur adipiscing elit. Nam fringilla augue nec est tristique auctor. Donec non est at libero vulputate rutrum. Morbi ornare lectus quis justo gravida semper. Nulla tellus mi, vulputate adipiscing cursus eu, suscipit id nulla. Donec a neque libero. Pellentesque aliquet, sem eget laoreet ultrices, ipsum metus feugiat sem, quis fermentum turpis eros eget velit.', 10, 100.00, 2, '1', '[\"#FA8072\",\"#E9967A\",\"#FFA07A\",\"#FFA07A\"]', '[{\"name\":\"choice_0\",\"title\":\"Size\",\"options\":[\"L\",\"M\",\"N\"]}]', '{\"Salmon-L\":{\"price\":\"100.00\",\"sku\":\"ng-Salmon-L\",\"qty\":\"10\"},\"Salmon-M\":{\"price\":\"100.00\",\"sku\":\"ng-Salmon-M\",\"qty\":\"10\"},\"Salmon-N\":{\"price\":\"100.00\",\"sku\":\"ng-Salmon-N\",\"qty\":\"10\"},\"DarkSalmon-L\":{\"price\":\"100.00\",\"sku\":\"ng-DarkSalmon-L\",\"qty\":\"10\"},\"DarkSalmon-M\":{\"price\":\"100.00\",\"sku\":\"ng-DarkSalmon-M\",\"qty\":\"10\"},\"DarkSalmon-N\":{\"price\":\"100.00\",\"sku\":\"ng-DarkSalmon-N\",\"qty\":\"10\"},\"LightSalmon-L\":{\"price\":\"100.00\",\"sku\":\"ng-LightSalmon-L\",\"qty\":\"10\"},\"LightSalmon-M\":{\"price\":\"100.00\",\"sku\":\"ng-LightSalmon-M\",\"qty\":\"10\"},\"LightSalmon-N\":{\"price\":\"100.00\",\"sku\":\"ng-LightSalmon-N\",\"qty\":\"10\"}}', '', '        ', '[]', '', '', '', '', '', 0, 3, 0, 0, '2019-12-04 12:21:39'),
(13, 'P0013', 10, 6, 0, 'asdasd', 'Lorem ipsum dolor sit amet, consectetur adipiscing elit. Nam fringilla augue nec est tristique auctor. Donec non est at libero vulputate rutrum. Morbi ornare lectus quis justo gravida semper. Nulla tellus mi, vulputate adipiscing cursus eu, suscipit id nulla. Donec a neque libero. Pellentesque aliquet, sem eget laoreet ultrices, ipsum metus feugiat sem, quis fermentum turpis eros eget velit.', 14, 12.00, 14, '2', '[]', '[{\"name\":\"choice_1\",\"title\":\"\",\"options\":[\"\"]}]', '{\"\":{\"price\":null,\"sku\":null,\"qty\":null}}', '', '  asd  ', '[\"33430_1592566209.png\"]', '19477_1592566209.jpg', 'sd', 'sd', 'sd', '28346_1592566209.png', 0, 1, 0, 1, '2020-06-19 12:17:10'),
(18, 'P0018', 10, 6, 27, 'Braclet', 'Lorem ipsum dolor sit amet, consectetur adipiscing elit. Nam fringilla augue nec est tristique auctor. Donec non est at libero vulputate rutrum. Morbi ornare lectus quis justo gravida semper. Nulla tellus mi, vulputate adipiscing cursus eu, suscipit id nulla. Donec a neque libero. Pellentesque aliquet, sem eget laoreet ultrices, ipsum metus feugiat sem, quis fermentum turpis eros eget velit.', 1, 100.00, 10, '1', '[]', '[]', '[]', '', '  ', '[\"16789_1593495109.jpg\"]', '16789_1593495109.jpg', 'Braclet', 'Braclet', 'asdasdas', '', 0, 1, 1, 1, '2020-06-30 05:31:49'),
(23, 'P0023', 12, 8, 23, 'Belt', '   Lorem ipsum dolor sit amet, consectetur adipiscing elit. Nam fringilla augue nec est tristique auctor. Donec non est at libero vulputate rutrum. Morbi ornare lectus quis justo gravida semper. Nulla tellus mi, vulputate adipiscing cursus eu, suscipit id nulla. Donec a neque libero. Pellentesque aliquet, sem eget laoreet ultrices, ipsum metus feugiat sem, quis fermentum turpis eros eget velit.   ', 1, 1.00, 15, '1', '[]', '[]', '[]', '', '        ', '[\"61455_1594016872.jpg\",\"97713_1594017105.jpg\"]', '97713_1594017633.jpg', 'Belt', 'Belt', 'dfsdf', '', 0, 1, 1, 1, '2020-07-06 06:40:33'),
(28, 'P0028', 5, 6, 27, 'watch', '    liquid template file mentioned in the configuration page. After pasting the code,&nbsp;a&nbsp;seller link will be displayed on the product&nbsp;description        ', 1, 1.00, 11, '1', '[]', '[]', '[]', '', '            ', '[\"9213_1593776566.jpg\",\"7062_1593776566.jpg\",\"4313_1593776566.jpg\",\"13027_1593776567.jpg\"]', '10546_1593776445.jpeg', 'watch', 'watch', 'sdf', '', 0, 1, 0, 1, '2020-07-18 06:57:17'),
(4, 'P004', 4, 2, 0, 'nirbhay gander', 'Lorem ipsum dolor sit amet, consectetur adipiscing elit. Nam fringilla augue nec est tristique auctor. Donec non est at libero vulputate rutrum. Morbi ornare lectus quis justo gravida semper. Nulla tellus mi, vulputate adipiscing cursus eu, suscipit id nulla. Donec a neque libero. Pellentesque aliquet, sem eget laoreet ultrices, ipsum metus feugiat sem, quis fermentum turpis eros eget velit. Donec ac tempus ante. Fusce ultricies massa massa. Fusce aliquam, purus eget sagittis vulputate, sapien libero hendrerit est, sed commodo augue nisi non neque. Lorem ipsum dolor sit amet, consectetur adipiscing elit. Sed tempor, lorem et placerat vestibulum, metus nisi posuere nisl, in accumsan elit odio quis mi.', 10, 1000.00, 10, '1', '[\"#F08080\",\"#FA8072\",\"#FFA07A\",\"#FFA07A\"]', '[{\"name\":\"choice_0\",\"title\":\"SIze\",\"options\":[\"L\",\"M\",\"N\"]}]', '{\"LightCoral-L\":{\"price\":\"1000.00\",\"sku\":\"ng-LightCoral-L\",\"qty\":\"10\"},\"LightCoral-M\":{\"price\":\"1000.00\",\"sku\":\"ng-LightCoral-M\",\"qty\":\"10\"},\"LightCoral-N\":{\"price\":\"1000.00\",\"sku\":\"ng-LightCoral-N\",\"qty\":\"10\"},\"Salmon-L\":{\"price\":\"1000.00\",\"sku\":\"ng-Salmon-L\",\"qty\":\"10\"},\"Salmon-M\":{\"price\":\"1000.00\",\"sku\":\"ng-Salmon-M\",\"qty\":\"10\"},\"Salmon-N\":{\"price\":\"1000.00\",\"sku\":\"ng-Salmon-N\",\"qty\":\"10\"},\"LightSalmon-L\":{\"price\":\"1000.00\",\"sku\":\"ng-LightSalmon-L\",\"qty\":\"10\"},\"LightSalmon-M\":{\"price\":\"1000.00\",\"sku\":\"ng-LightSalmon-M\",\"qty\":\"10\"},\"LightSalmon-N\":{\"price\":\"1000.00\",\"sku\":\"ng-LightSalmon-N\",\"qty\":\"10\"}}', '', 'sdfsdfsdf', '[\"10310_1575367631.png\",\"2309_1575367631.jpg\"]', '3914_1575635327.jpeg', 'begs', 'begs', 'sd', '', 0, 1, 1, 0, '2019-12-06 13:28:47'),
(9, 'P009', 4, 2, 4, 'jwellery', ' sdf ', 10, 1000.00, 10, '1', '[]', '[]', '[]', '', ' sdf ', '[\"2309_1575460012.jpg\",\"7241_1575460012.png\"]', '3914_1575637123.jpeg', 'T-shirt', 'begs', 'dsfsdf', '', 0, 1, 1, 0, '2019-12-06 13:58:43'),
(14, 'P0014', 10, 11, 0, 'qweak', 'asd', 3, 1.00, 21, '', '[]', '[]', '[]', '', 'asd', '[\"29986_1592568943.png\"]', '19477_1592568943.jpg', 'as', 'as', 'as', '', 0, 1, 0, 1, '2020-06-19 12:15:43'),
(19, 'P0019', 10, 11, 14, 'School shoes', '  ', 1, 1.00, 15, '1', '[]', '[]', '[]', '', '  ', '[\"7928_1593495245.png\"]', '2100_1593495245.jpg', 'asdasd', 'asdasd', 'asdasd', '', 0, 1, 1, 1, '2020-06-30 05:34:05'),
(24, 'P0024', 12, 9, 20, 'Aashirwad', 'Lorem ipsum dolor sit amet, consectetur adipiscing elit. Nam fringilla augue nec est tristique auctor. Donec non est at libero vulputate rutrum. Morbi ornare lectus quis justo gravida semper. Nulla tellus mi, vulputate adipiscing cursus eu, suscipit id nulla. Donec a neque libero.          ', 10, 1.00, 10, '2', '[]', '[]', '[]', '', '          ', '[\"16352_1594017902.jpg\"]', '18054_1594017787.jpg', 'Aashirwad', 'Aashirwad', 'sdgsd', '', 0, 1, 1, 1, '2020-07-06 06:46:03'),
(29, 'P0029', 5, 7, 24, 'product', '  Let customers easily create&nbsp;gift&nbsp;registry lists and share them with friends to get the&nbsp;presents&nbsp;they really want. Enhance customer experience      ', 1, 1.00, 1, '1', '[]', '[]', '[]', '', '        ', '[\"12149_1593498329.png\",\"10714_1593775994.jpg\",\"35122_1593775994.jpg\",\"5800_1593776039.jpg\"]', '12149_1593498329.png', 'sdfs', 'sdfsd', 'sdfsd', '', 0, 1, 0, 1, '2020-07-03 11:33:59');

-- --------------------------------------------------------

--
-- Table structure for table `productreviewrating`
--

CREATE TABLE `productreviewrating` (
  `id` int(11) NOT NULL,
  `user_id` int(11) NOT NULL,
  `product_id` int(11) NOT NULL,
  `order_id` int(11) NOT NULL,
  `rating` int(11) NOT NULL,
  `title` varchar(255) NOT NULL,
  `review` varchar(255) NOT NULL,
  `create_date` datetime NOT NULL,
  `status` int(11) NOT NULL DEFAULT '1'
) ENGINE=InnoDB DEFAULT CHARSET=utf8;

--
-- Dumping data for table `productreviewrating`
--

INSERT INTO `productreviewrating` (`id`, `user_id`, `product_id`, `order_id`, `rating`, `title`, `review`, `create_date`, `status`) VALUES
(1, 1, 4, 11, 1, 'Excellent', 'I have purchased shirts from Minimalism a few times and am never disappointed. The quality is excellent and the shipping is amazing. It seems like it\'s at your front door the minute you get off your pc.\r\n', '2020-02-14 08:59:12', 1),
(2, 2, 4, 10, 3, 'Amazing', 'Minimalism is the online !', '2020-02-14 11:18:23', 1),
(3, 3, 4, 12, 4, 'Nicely', 'Unbeatable service and selection. This store has the best business model I have seen on the net. They are true to their word, and go the extra mile for their customers.', '2020-02-14 13:33:08', 1),
(4, 5, 4, 15, 4, 'Awesome', 'I felt like a purchasing partner more than a customer. You have a lifetime client in me.', '2020-03-17 14:05:10', 1),
(5, 6, 10, 21, 3, 'asad', 'asdasdasdasd asdasd', '2020-07-04 00:00:00', 1),
(6, 7, 10, 22, 1, 'asad', 'asdasdasdasd asdasd', '2020-07-04 00:00:00', 1),
(7, 4, 4, 15, 5, '', '', '2020-07-09 06:48:43', 1);

-- --------------------------------------------------------

--
-- Table structure for table `registration_otp`
--

CREATE TABLE `registration_otp` (
  `id` int(11) NOT NULL,
  `mobile_no` varchar(100) NOT NULL,
  `otp` varchar(20) NOT NULL,
  `create_date` datetime NOT NULL
) ENGINE=InnoDB DEFAULT CHARSET=utf8;

--
-- Dumping data for table `registration_otp`
--

INSERT INTO `registration_otp` (`id`, `mobile_no`, `otp`, `create_date`) VALUES
(30, '7974419522', '865802', '2020-07-22 10:49:33'),
(31, '85236974458', '663278', '2020-07-22 12:58:50'),
(32, '1598741235', '802695', '2020-07-22 13:08:55'),
(33, '7974419524', '765574', '2020-07-22 13:16:59'),
(34, '4563217896', '043782', '2020-07-22 13:23:45'),
(35, '7974419526', '724335', '2020-07-22 13:24:32'),
(36, '8963257412', '017028', '2020-07-22 13:25:08'),
(37, '7974419527', '865045', '2020-07-22 13:36:49'),
(38, '456328965', '930084', '2020-07-22 13:37:28'),
(39, '7974419528', '991058', '2020-07-22 13:38:12'),
(40, '12365478945', '541742', '2020-07-22 13:56:08'),
(41, '7974419529', '227999', '2020-07-23 07:09:52'),
(42, '8319774478', '544847', '2020-07-26 08:18:13'),
(43, '7974419531', '368299', '2020-07-27 08:17:29'),
(44, '7974419532', '955671', '2020-07-27 10:13:59'),
(45, '7987894561', '592730', '2020-08-12 12:20:15'),
(46, '3216549870', '488003', '2020-08-12 13:15:55'),
(47, '8770372358', '541740', '2020-08-15 09:06:07'),
(48, '8770400610', '904646', '2020-08-15 09:08:05'),
(49, '8770722257', '952082', '2020-08-15 14:14:46');

-- --------------------------------------------------------

--
-- Table structure for table `seller_agreement`
--

CREATE TABLE `seller_agreement` (
  `id` int(11) NOT NULL,
  `title` varchar(255) CHARACTER SET utf8 NOT NULL,
  `editor1` longtext CHARACTER SET utf8 NOT NULL,
  `create_date` date NOT NULL
) ENGINE=MyISAM DEFAULT CHARSET=latin1;

--
-- Dumping data for table `seller_agreement`
--

INSERT INTO `seller_agreement` (`id`, `title`, `editor1`, `create_date`) VALUES
(1, 'SELLER AGREEMENT', '<p style=\"text-align:justify\"><span style=\"font-size:14px\"><span style=\"font-family:Calibri,sans-serif\"><strong><span style=\"font-family:&quot;Arial&quot;,sans-serif\"><span style=\"color:#555555\">This document is an electronic record in terms of the Information Technology Act, 2000 and rules made there under as applicable and the amended provisions pertaining to electronic records in various statutes as amended by the Information Technology Act, 2000. This electronic record is generated by a computer system and does not require any physical or digital signatures.<br />\r\n<br />\r\nThis document is published in accordance with the provisions of Rule 3 (1) of the Information Technology (Intermediaries guidelines) Rules, 2011 that require publishing the rules and regulations, privacy policy and user agreement for access or usage of&nbsp;</span></span></strong><strong><span style=\"font-family:&quot;Arial&quot;,sans-serif\">www.indocliq.com<span style=\"color:#555555\">&nbsp;website.</span></span></strong></span></span></p>\r\n\r\n<p style=\"text-align:justify\"><span style=\"font-size:14px\"><span style=\"font-family:Calibri,sans-serif\"><span style=\"font-family:&quot;Arial&quot;,sans-serif\"><span style=\"color:#555555\">Your use of the Indocliq website {including www.Indocliq.in including mobile application (hereinafter collectively referred to as the &quot;Website&quot;) and its related sites, services and tools is governed by the terms and conditions as contained in this Agreement applicable to the Website and for other websites of Flying Fox Tradecom Private Limited and our subsidiaries and international affiliates. This User Agreement for the Website shall come into effect on 00:00 hours, IST 30<sup>th</sup> August, 2020 (&quot;User Agreement&quot;). Indocliq is an internet E-commerce based portal operated by Flying Fox Tradecom Private Limited; a company incorporated under Companies Act, 2013 (18 of 2013) having its registered office at Flying Fox Tradecom Pvt. Ltd, 60/6 Azad Nagar, Dewas Road, Ujjain, Madhya Pradesh (456001), India. For the purpose of this User Agreement, Registered User / Guest User and wherever the context so requires, &#39;&quot;You&quot;, &quot;Your&quot; shall mean any natural or legal person who is accessing the Website, its contents and using the services offered on or through the Website and has agreed to become a member of the Website by providing Registration Data (as defined hereinafter) while registering on the Website as a Registered User / Guest User using the digital systems of the Website and accepted this electronic version / electronic record of the User Agreement and has allocated himself/herself a unique identification user name (&quot;User ID&quot; and &quot;Password&quot;) to become a Registered User or has been identified as Guest User by providing phone number and email id. Further, reference to &quot;we&quot;, &quot;us&quot;, &quot;our&quot; and &quot;Indocliq&quot; shall mean Flying Fox Tradecom Private Limited (Indocliq) and includes its associates, affiliates and subsidiary (ies).<br />\r\n<br />\r\nThe use of the Website is offered to you conditioned upon Your &#39;Acceptance&#39; of all the terms, conditions and notices contained in this User Agreement. Upon &quot;Acceptance&quot;, this User Agreement shall be effective and binding upon you along with any amendments made by Indocliq at its sole discretion and posted on the Website and you shall not claim invalidity of this User Agreement merely on the grounds that this User Agreement is being documented /concluded electronically. For the aforesaid purposes, &#39;Acceptance&#39; shall mean Your affirmative action by in clicking on the &#39;check box&#39; and on the &#39;continue&#39; button&#39; as provided on the registration page or clicking on &#39;Buy Now&#39; button while transacting as a Guest User or any act which reflects Your use of the Website or the services provided by the Website or any such other actions that imply Your acceptance to the present electronic document. You hereby further agree that this User Agreement is being concluded and executed at Ujjain. Your use of the Website implies that you agree with the terms of the User Agreement. If you do not agree or are not willing to be bound by the terms and conditions of this User Agreement and Rules and Policies as displayed on the Website, please do you may choose to not click on the &quot;check box &quot; and/or on the &quot;continue&quot; button and/or &quot;Buy Now&quot; button and not seek to obtain access to or otherwise use the Website.</span></span></span></span><br />\r\n&nbsp;</p>\r\n\r\n<p style=\"text-align:justify\"><span style=\"font-size:14px\"><span style=\"font-family:Calibri,sans-serif\"><span style=\"font-family:&quot;Arial&quot;,sans-serif\"><span style=\"color:black\">Amendments:</span></span><br />\r\n<span style=\"font-family:&quot;Arial&quot;,sans-serif\"><span style=\"color:#555555\">When you use any of the services provided by us through the Website, including but not limited to Product Reviews, Seller Reviews etc., you will be subject to the rules, guidelines, policies, terms, and conditions applicable to such services, and they shall be deemed to be incorporated into this User Agreement and shall be considered as part and parcel of this User Agreement. We reserve the right, at our sole discretion, to change, modify, add or remove portions of the User Agreement, at any time without any prior written notice/intimation to you. It is Your responsibility to review this User Agreement periodically for any updates / changes. Your continued use of the Website following subsequent to the posting of updates/changes shall mean that you accept and agree to the revisions. As long as you comply with the provisions of this Agreement, we grant you a personal, non-exclusive, non-transferable, limited privilege to enter and use the Website.<br />\r\n<br />\r\nBy accepting this User Agreement, you also accept and agree to be bound by Indocliq Rules Policies and Policies Rules as provided from time to time in the following hyperlinks:<br />\r\n1. Indocliq&nbsp;</span><span style=\"color:#24a3b5\"><a href=\"http://indocliq.in/privacy_policy\" style=\"color:blue; text-decoration:underline\" target=\"_blank\"><span style=\"color:#24a3b5\">Policies &amp; Rules</span></a></span><span style=\"color:#555555\">.<br />\r\n2. Indocliq&nbsp;</span><span style=\"color:#24a3b5\"><a href=\"http://indocliq.in/privacy_policy\" style=\"color:blue; text-decoration:underline\" target=\"_blank\"><span style=\"color:#24a3b5\">Privacy Policy</span></a></span><span style=\"color:#555555\">.</span></span><br />\r\n<br />\r\n<strong><span style=\"font-family:&quot;Arial&quot;,sans-serif\"><span style=\"color:black\">1. Membership Eligibility</span></span></strong></span></span></p>\r\n\r\n<p style=\"text-align:justify\"><br />\r\n<span style=\"font-size:14px\"><span style=\"font-family:Calibri,sans-serif\"><span style=\"font-family:&quot;Arial&quot;,sans-serif\"><span style=\"color:#555555\">Use of the Website is available only to persons who can perform legally binding contracts under Indian Contract Act, 1872. Persons who are &quot;incompetent to contract&quot; within the meaning of the Indian Contract Act, 1872 including minors, un-discharged insolvents etc. are not eligible to use the Website. If you are a minor i.e. under the age of 18 years, you shall not register as a member of the Website and shall not sell, purchase or bid for any items on the Website except through Your legal guardian or parents who have registered as users on the Website or can use the Website as a Guest User. Indocliq reserves the right to terminate Your membership and refuse to provide you with access to the Website if it is brought to our notice or if it is discovered that you are under the age of 18 years.<br />\r\n<br />\r\n<strong>Business entity registration:</strong>&nbsp;If you are registering as a business entity, you represent that you are duly authorized to accept this User Agreement and you have the authority to bind Your business/legal entity to this User Agreement.<br />\r\n<br />\r\n<strong>Guest User: </strong>If you are transacting as a Guest User, you shall not be allowed to list/ sell products or services on Website and there could be certain additional restrictions on you as a Guest User for Your purchase and the other functionality of the Website available to you. As a Guest User, Buyer will not be eligible for Cliq Bucks and all other benefits that are not assignable to a non-registered user.</span></span><br />\r\n<br />\r\n<strong><span style=\"font-family:&quot;Arial&quot;,sans-serif\"><span style=\"color:black\">2. Your Account and Registration Obligations</span></span></strong></span></span></p>\r\n\r\n<p style=\"text-align:justify\"><br />\r\n<span style=\"font-size:14px\"><span style=\"font-family:Calibri,sans-serif\"><span style=\"font-family:&quot;Arial&quot;,sans-serif\"><span style=\"color:#555555\">If you use the Website as a Registered User, you are responsible for maintaining the confidentiality of Your User ID and Password. If you use the Website as a Guest User, you are responsible for maintaining the confidentiality of Your email ID and phone number and restricting access to Your computer, computer system and computer network. You are responsible for all activities that occur under Your User ID and Password (if registered) or email ID and phone number (if Guest User) as the case may be. Also as a Guest User, you shall ensure the physical security and possession of Your device, the details of which are used to transact services with Indocliq. You agree, inter alia, to:</span></span></span></span></p>\r\n\r\n<ol style=\"list-style-type:lower-roman\">\r\n	<li style=\"text-align: justify;\"><span style=\"font-size:14px\"><span style=\"color:#555555\"><span style=\"font-family:Calibri,sans-serif\"><span style=\"font-family:&quot;Arial&quot;,sans-serif\">Provide true, accurate, current and complete information about yourself as prompted by Indocliq&#39;s registration form or provided by You as a Guest User (such information being the &quot;Registration Data&quot;)</span></span></span></span></li>\r\n	<li style=\"text-align: justify;\"><span style=\"font-size:14px\"><span style=\"color:#555555\"><span style=\"font-family:Calibri,sans-serif\"><span style=\"font-family:&quot;Arial&quot;,sans-serif\">You must include any of Your contact details such as email addresses etc. in Your User ID while registering as a Registered User; and</span></span></span></span></li>\r\n	<li style=\"text-align: justify;\"><span style=\"font-size:14px\"><span style=\"color:#555555\"><span style=\"font-family:Calibri,sans-serif\"><span style=\"font-family:&quot;Arial&quot;,sans-serif\">Maintain and promptly update the Registration Data to keep it true, accurate, current and complete at all times;</span></span></span></span></li>\r\n	<li style=\"text-align: justify;\"><span style=\"font-size:14px\"><span style=\"color:#555555\"><span style=\"font-family:Calibri,sans-serif\"><span style=\"font-family:&quot;Arial&quot;,sans-serif\">You must immediately notify us of any unauthorized use of Your password or account or any other breach of security, and</span></span></span></span></li>\r\n	<li style=\"text-align: justify;\"><span style=\"font-size:14px\"><span style=\"color:#555555\"><span style=\"font-family:Calibri,sans-serif\"><span style=\"font-family:&quot;Arial&quot;,sans-serif\">Ensure that You exit from Your account at the end of each session.<br />\r\n	If You provide any information that is untrue, inaccurate, not current or incomplete, or Indocliq has reasonable grounds to suspect that such information is untrue, inaccurate, not current or incomplete, or not in accordance with the User Agreement. Indocliq has the right to indefinitely suspend or terminate or block access of Your membership with the Website and refuse to provide You with access to the Website. Indocliq shall not be liable for any loss or damage arising from Your failure to comply with this Clause 2.</span><br />\r\n	<br />\r\n	<strong><span style=\"font-family:&quot;Arial&quot;,sans-serif\"><span style=\"color:black\">3. Electronic Execution and Communications</span></span></strong></span></span></span></li>\r\n</ol>\r\n\r\n<p style=\"margin-left:48px; text-align:justify\"><span style=\"font-size:14px\"><span style=\"font-family:Calibri,sans-serif\"><span style=\"font-family:&quot;Arial&quot;,sans-serif\"><span style=\"color:#555555\">When You use the Website or send emails or other data, information or communication to Indocliq, You agree and understand that You are communicating with Indocliq through electronic records. You consent to receive communications from us electronically. For contractual purposes, You consent to receive communications (including transactional, promotional and/or commercial messages), from us with respect to your use of the Website and/or your order placed on the Website. We will communicate with You by email or by posting notices on the Website or through any other Indocliq services. You agree that all the agreements, notices, disclosures and other communications that we provide to You electronically shall be deemed to be an adequate service of notice/electronic record and satisfy any legal requirement that such communications be in writing.</span></span><br />\r\n<br />\r\n<strong><span style=\"font-family:&quot;Arial&quot;,sans-serif\"><span style=\"color:black\">4. Fees and Services</span></span></strong></span></span></p>\r\n\r\n<p style=\"margin-left:48px; text-align:justify\"><span style=\"font-size:14px\"><span style=\"font-family:Calibri,sans-serif\"><span style=\"font-family:&quot;Arial&quot;,sans-serif\"><span style=\"color:#555555\">Membership on the Website is free. Being an Intermediary under the Information Technology Act, Indocliq does not charge any fee for browsing and buying on the Website. However, before You list an item for sale through the Website, we request You to review our Fees and Credit Policy, which is hereby incorporated by reference into this agreement. Indocliq reserves the right to change its Service Fee and Credit policies from time to time at its sole discretion including without limitation right to introduce fees for the new services offered or amend/introduce fees for existing services, as the case may be. Any modifications to the Fee and Credit policies shall be posted on the Website and such changes shall become effective immediately. Unless otherwise stated, all fees shall be quoted in Indian Rupees and be payable to Flying Fox Tradecom Private Limited within such time as specified in the invoice.<br />\r\n<br />\r\n4.1. Taxes: You are responsible for paying all fees associated with the use of the Website and You agree to bear all and any applicable taxes, charges, cesses etc. levied thereon in accordance with the Law or Government Regulations for the time being in force.<br />\r\n<br />\r\n4.2. Non-payment: Indocliq reserves the right to issue a warning, temporarily /indefinitely suspend or terminate Your membership of the Website and refuse to provide You with access to all current and future use of the Website in case of non-payment of fees by You to Indocliq. Indocliq also reserves the right to take legal action in case of non- payment of fees.</span></span></span></span><br />\r\n&nbsp;</p>\r\n\r\n<p style=\"margin-left:48px; text-align:justify\"><span style=\"font-size:14px\"><span style=\"font-family:Calibri,sans-serif\"><strong><span style=\"font-family:&quot;Arial&quot;,sans-serif\"><span style=\"color:black\">5. Use of the Website</span></span></strong><br />\r\n<span style=\"font-family:&quot;Arial&quot;,sans-serif\"><span style=\"color:#555555\">5.1. You understand and agree that Indocliq and the Website merely provides hosting services to its Registered Users and persons browsing / visiting the Website. All items advertised / listed and the contents therein are advertised and listed by Registered Users and are third party user generated contents. Indocliq neither originates nor initiates the transmission nor selects the sender and receiver of the transmission nor selects or modifies the information contained in the transmission. Indocliq has no control over the third party user generated contents and does not provide any guarantee with respect to any such contents and Indocliq shall not be held liable for any loss suffered by You based on Your reliance on or use of such data/content.<br />\r\n<br />\r\n5.2. You agree, undertake and confirm that Your use of the Website shall be strictly governed by the following binding principles:<br />\r\n<br />\r\n5.2.1. &quot;Your Information&rdquo; is defined as any information You provide to us or other users of the Website (&quot;Users&quot;) in the registration (as Registered User or as Guest User), buying or listing process, in the feedback area or through any e-mail feature. You are solely responsible for Your Information and we act only as a passive conduit for Your online distribution and publication of Your Information.<br />\r\n<br />\r\n5.2.2. Your Information (or any items listed): Please note that in accordance with the Information Technology (Intermediaries guidelines) Rules 2011, in case of non-compliance with rules and regulations, user agreement and privacy policy, for access or usage of intermediary computer resources, the Intermediary has the right to immediately terminate the access or usage rights of the users to the computer resources of Intermediary and remove non-compliant information.<br />\r\n<br />\r\n5.2.3. In terms of Information Technology (Intermediaries Guidelines) Rules, 2011, You agree and undertake that You shall not host, display, upload, modify, publish, transmit, update or share any information or share/list(s) any information or item that:</span></span></span></span></p>\r\n\r\n<ol style=\"list-style-type:lower-alpha\">\r\n	<li style=\"text-align: justify;\"><span style=\"font-size:14px\"><span style=\"color:#555555\"><span style=\"font-family:Calibri,sans-serif\"><span style=\"font-family:&quot;Arial&quot;,sans-serif\">belongs to another person and to which You do not have any right;</span></span></span></span></li>\r\n	<li style=\"text-align: justify;\"><span style=\"font-size:14px\"><span style=\"color:#555555\"><span style=\"font-family:Calibri,sans-serif\"><span style=\"font-family:&quot;Arial&quot;,sans-serif\">is grossly harmful, harassing, blasphemous, defamatory, obscene, pornographic, pedophilic, libelous, invasive of another&#39;s privacy, hateful, or racially, ethnically objectionable, disparaging, relating or encouraging money laundering or gambling, or otherwise unlawful in any manner whatever; or unlawfully threatening or unlawfully harassing including but not limited to &quot;indecent representation of women&quot; within the meaning of the Indecent Representation of Women (Prohibition) Act, 1986;</span></span></span></span></li>\r\n	<li style=\"text-align: justify;\"><span style=\"font-size:14px\"><span style=\"color:#555555\"><span style=\"font-family:Calibri,sans-serif\"><span style=\"font-family:&quot;Arial&quot;,sans-serif\">harm minors in any way;</span></span></span></span></li>\r\n	<li style=\"text-align: justify;\"><span style=\"font-size:14px\"><span style=\"color:#555555\"><span style=\"font-family:Calibri,sans-serif\"><span style=\"font-family:&quot;Arial&quot;,sans-serif\">infringes any patent, trademark, copyright or other proprietary rights or third party&#39;s trade secrets or rights of publicity or privacy or is fraudulent or involves the sale of counterfeit or stolen items;</span></span></span></span></li>\r\n	<li style=\"text-align: justify;\"><span style=\"font-size:14px\"><span style=\"color:#555555\"><span style=\"font-family:Calibri,sans-serif\"><span style=\"font-family:&quot;Arial&quot;,sans-serif\">involves the transmission of &quot;junk mail&quot;, &quot;chain letters&quot;, or unsolicited mass mailing or &quot;spamming&quot;;</span></span></span></span></li>\r\n	<li style=\"text-align: justify;\"><span style=\"font-size:14px\"><span style=\"color:#555555\"><span style=\"font-family:Calibri,sans-serif\"><span style=\"font-family:&quot;Arial&quot;,sans-serif\">violates any law for the time being in force;</span></span></span></span></li>\r\n	<li style=\"text-align: justify;\"><span style=\"font-size:14px\"><span style=\"color:#555555\"><span style=\"font-family:Calibri,sans-serif\"><span style=\"font-family:&quot;Arial&quot;,sans-serif\">deceives or misleads the addressee/ users about the origin of such messages or communicates any information which is grossly offensive or menacing in nature;</span></span></span></span></li>\r\n	<li style=\"text-align: justify;\"><span style=\"font-size:14px\"><span style=\"color:#555555\"><span style=\"font-family:Calibri,sans-serif\"><span style=\"font-family:&quot;Arial&quot;,sans-serif\">impersonate another person/entity;</span></span></span></span></li>\r\n	<li style=\"text-align: justify;\" value=\"1\"><span style=\"font-size:14px\"><span style=\"color:#555555\"><span style=\"font-family:Calibri,sans-serif\"><span style=\"font-family:&quot;Arial&quot;,sans-serif\">contains software viruses or any other computer code, files or programs designed to interrupt, destroy or limit the functionality of any computer resource; or contains any Trojan horses, worms, time bombs, cancel bots, easter eggs or other computer programming routines that may damage, detrimentally interfere with, diminish value of, surreptitiously intercept or expropriate any system, data or personal information;</span></span></span></span></li>\r\n</ol>\r\n\r\n<p style=\"text-align:justify\">&nbsp;</p>\r\n\r\n<ol start=\"10\" style=\"list-style-type:lower-alpha\">\r\n	<li style=\"text-align: justify;\"><span style=\"font-size:14px\"><span style=\"color:#555555\"><span style=\"font-family:Calibri,sans-serif\"><span style=\"font-family:&quot;Arial&quot;,sans-serif\">threatens the unity, integrity, defense, security or sovereignty of India, friendly relations with foreign states, or public order or causes incitement to the commission of any cognizable offence or prevents investigation of any offence or is insulting any other nation.</span></span></span></span></li>\r\n	<li style=\"text-align: justify;\"><span style=\"font-size:14px\"><span style=\"color:#555555\"><span style=\"font-family:Calibri,sans-serif\"><span style=\"font-family:&quot;Arial&quot;,sans-serif\">shall not be false, inaccurate or misleading;</span></span></span></span></li>\r\n</ol>\r\n\r\n<ol start=\"12\" style=\"list-style-type:lower-alpha\">\r\n	<li style=\"text-align: justify;\" value=\"50\"><span style=\"font-size:14px\"><span style=\"color:#555555\"><span style=\"font-family:Calibri,sans-serif\"><span style=\"font-family:&quot;Arial&quot;,sans-serif\">shall not, directly or indirectly, offer, attempt to offer, trade or attempt to trade in any item, dealing of which is prohibited or restricted in any manner under the provisions of any applicable law, rule, regulation or guideline for the time being in force. Without prejudice to the generality of the above, Indocliq does not permit transactions in the following items including but not limited to categories as stated in the Prohibited and Restricted Items under General Policyies and Rules which can be accessed at //www.Indocliq/policies-and-rules.htmlshall not create liability for us or cause us to lose (in whole or in part) the services of our ISPs or other suppliers; and</span></span></span></span></li>\r\n</ol>\r\n\r\n<ol start=\"13\" style=\"list-style-type:lower-alpha\">\r\n	<li style=\"text-align: justify;\" value=\"1000\"><span style=\"font-size:14px\"><span style=\"color:#555555\"><span style=\"font-family:Calibri,sans-serif\"><span style=\"font-family:&quot;Arial&quot;,sans-serif\">shall not link directly or indirectly to or include descriptions of items, goods or services that are prohibited under the User Agreement or any other applicable law for the time being in force including but not limited to the Drugs and Cosmetics Act, 1940, the Drugs And Magic Remedies (Objectionable Advertisements) Act, 1954, the Indian Penal Code, 1860, The Indecent Representation of Women (Prohibition) Act, 1986, Information Technology Act 2000 as amended from time to time and rules there under;</span></span></span></span></li>\r\n	<li style=\"text-align: justify;\" value=\"14\"><span style=\"font-size:14px\"><span style=\"color:#555555\"><span style=\"font-family:Calibri,sans-serif\"><span style=\"font-family:&quot;Arial&quot;,sans-serif\">are identical to other items You have up for auction but are priced lower than Your item&#39;s price, the reserve price of the item or minimum bid amount; are concurrently listed for sale on a Website other than the Website;<br />\r\n	<br />\r\n	5.2.4. Indocliq shall have the right to use Your Information as provided by You and such usage of Your information by us will not amount to violation of any rights You might have in Your Information. You agree to grant us a non-exclusive, worldwide, perpetual, irrevocable, royalty-free, sub-licensable (through multiple tiers) right to exercise the copyright, publicity, and database rights (but no other rights) You have in Your Information, in any media now known or not currently known, with respect to Your Information. Indocliq will only use Your Information in accordance with the User Agreement and Indocliq&#39;s Privacy Policy.<br />\r\n	<br />\r\n	5.2.5. You represent and confirm that You shall be the sole and exclusive legal owner of all items, goods or products of any description that You wish to offer for sale on the Website. You shall have absolute right, title and authority to deal in and offer for sale such items, goods or products.<br />\r\n	<br />\r\n	5.2.6. In the event that any transaction or attempted transaction relating to any item, good or service which is in violation of this User Agreement or applicable law comes to Your knowledge, You shall take all steps to inform Indocliq of the same at info@Indocliq.<br />\r\n	<br />\r\n	5.2.7. You shall at all times ensure full compliance with the applicable provisions of the Information Technology Act, 2000 and rules made there under as applicable and as amended from time to time and also all applicable Domestic Laws, Rules and Regulations (including the provisions of any applicable Exchange Control Laws or Regulations in Force) and International Laws, Foreign Exchange Laws, Statutes, Ordinances and Regulations (including, but not limited to Sales Tax/ VAT, Income Tax, Octroi, Service Tax, Central Excise, Custom Duty, Local Levies) regarding Your use of our service and Your bidding on, listing, purchase, solicitation of offers to purchase, and sale of items or services. You shall not engage in any transaction in an item or service, which is prohibited by the provisions of any applicable law including Exchange Control Laws or Regulations for the time being in force. In particular You shall ensure that if any of Your items listed on the Website qualifies as an &quot;Antiquity&quot; or &quot;Art treasure&quot; as defined in the Antiquities and Art Treasures Act, 1972 (&quot;Artwork&quot;), You shall indicate that such Artwork is &quot;non-exportable&quot; and sold subject to the provisions of said Act, and shall ensure that it is not delivered to the Buyer (as defined under the Buying section) at any place outside India.</span></span></span></span></li>\r\n</ol>\r\n\r\n<p style=\"margin-left:48px; text-align:justify\"><br />\r\n<span style=\"font-size:14px\"><span style=\"font-family:Calibri,sans-serif\"><span style=\"font-family:&quot;Arial&quot;,sans-serif\"><span style=\"color:#555555\">5.2.8. You shall not, either alone or in conjunction with other Users, manipulate or attempt to manipulate the prices of any item or services being sold or purchased on the Website.<br />\r\n<br />\r\n5.2.9. From time to time, You shall be responsible for providing information relating to the items or services proposed to be sold by You. In this connection, You undertake that all such information shall be correct and accurate in all respects. You shall not exaggerate or over emphasize the attributes of such items or services so as to mislead other Users in any manner. It may be possible that other users (including unauthorized users or &quot;hackers&quot;) may post or transmit offensive or obscene materials on the Website and that You may be involuntarily exposed to such offensive and obscene materials. It may also possible for others to obtain personal information about You due to Your use of the Website, and that the recipient may use such information to harass or injure You. We do not approve such unauthorized use, but by using the Website, You acknowledge and agree that we are not responsible for the use of any personal information that You publicly disclose or share with others on the Website. Please carefully select the type of information that You publicly disclose or share with others on the Website.</span></span></span></span></p>\r\n\r\n<p style=\"margin-left:48px; text-align:justify\"><span style=\"font-size:14px\"><span style=\"font-family:Calibri,sans-serif\"><span style=\"font-family:&quot;Arial&quot;,sans-serif\"><span style=\"color:#555555\">5.2.10. You shall not attempt to or circumvent or manipulate our Fee structure, the billing process or Fees owed to Indocliq as detailed and agreed in MOU signed by Merchants/Sellers.<br />\r\n5.2.11 You agree that You or any of your affiliates, Subsidiaries, associate partners to your knowledge, any of your officers , directors or employees or vendors have not (i) made or offered to make or receive any direct or indirect payments in violation of any applicable Indian law including anti- bribery and anti- corruption laws and other laws (for e.g. U.S Foreign Corrupt Practices Act and the U.K Bribery Act 2010), including any contribution, payment, commission, rebate, promotional allowance or gift of funds, property or any other economic benefit in cash or kind or thing of value to or from any employee, official or agent of any employee, official or agent of any Governmental Authority where such an activity amounts to be illegal and in violation of applicable laws. If You have reasonable suspicion of the existence of such conduct, You shall immediately inform Indocliq of such knowledge and if requested by Indocliq, provide to Indocliq such information it may reasonably require regarding such conduct. Indocliq shall also have the right to audit periodically merchant/sellers, if need be in compliance of the above. Indocliq shall upon knowledge of such activities have the right to suspend or terminate the services without prior written notice should it become aware of a breach by the User of the representation and warranty given hereinabove.</span></span></span></span></p>\r\n\r\n<p style=\"margin-left:24px; text-align:justify\">&nbsp;</p>\r\n\r\n<p style=\"margin-left:24px; text-align:justify\"><span style=\"font-size:14px\"><span style=\"font-family:Calibri,sans-serif\"><strong><span style=\"font-family:&quot;Arial&quot;,sans-serif\"><span style=\"color:black\">6. Platform for Communication</span></span></strong></span></span></p>\r\n\r\n<p style=\"margin-left:48px; text-align:justify\"><br />\r\n<span style=\"font-size:14px\"><span style=\"font-family:Calibri,sans-serif\"><span style=\"font-family:&quot;Arial&quot;,sans-serif\"><span style=\"color:#555555\"><strong>INDOCLIQ&#39;s ROLE IS THAT OF AN INTERMEDIARY IN THE FORM OF AN ONLINE MARKETPLACE AND IS LIMITED TO MANAGING THE WEBSITE TO ENABLE SELLER TO EXHIBIT, ADVERTISE, DISPLAY, MAKE AVAILABLE AND OFFER TO SELL THE PRODUCTS AND TO ENABLE BUYER TO PURCHASE THE PRODUCTS SO OFFERED, AND OTHER INCIDENTAL SERVICES TO FACILITATE THE TRANSACTIONS BETWEEN SELLERS AND THE BUYERS. ACCORDINGLY, THE CONTRACT FOR SALE OF ANY OF THE PRODUCTS SHALL BE A BIPARTITE CONTRACT BETWEEN SELLER AND THE BUYER. AT NO TIME SHALL INDOCLIQ&#39; HAVE ANY OBLIGATIONS OR LIABILITIES IN RESPECT OF SUCH CONTRACT NOR SHALL INDOCLIQ HOLD ANY TITLE IN THE PRODUCTS. THE TITLE IN THE PRODUCTS AND OTHER RIGHTS AND INTERESTs IN THE PRODUCTS SHALL DIRECTLY PASS TO THE BUYER FROM THE SELLER.</strong></span></span></span></span></p>\r\n\r\n<p style=\"margin-left:48px; text-align:justify\"><br />\r\n<span style=\"font-size:14px\"><span style=\"font-family:Calibri,sans-serif\"><span style=\"font-family:&quot;Arial&quot;,sans-serif\"><span style=\"color:#555555\">6.1. Indocliq does not control, endorse or accept responsibility for any product (including but not limited to product catalogues) proposed to be sold or offered to be sold or purchased on the website or any linked sites. Indocliq makes no representations or warranties whatsoever about, and shall not be liable for the Seller or any such third parties, their products including representations relating to merchantability, fitness of a product or service for a particular purpose, warranty as to specific products and non-infringement of third party intellectual property rights. Any transactions that the Buyer may have with such third parties are at Buyer&#39;s own risk. The products shall be subject to Seller&#39;s terms and conditions for warranty, service and maintenance, and Indocliq does not accept any responsibility for the same. Indocliq also does not accept any responsibility for the usage of the products by the Buyer.<br />\r\n<br />\r\n6.2 Indocliq specifically disclaims any liability with regard to any illegal, infringing, fake, duplicate, spurious, defective or counterfeit, refurbished, expired products purchased by the Buyer from the Seller and Indocliq shall not assume any liability if the product purchased or availed by the Buyer from the Seller is not exactly as per specifications detailed in the purchase confirmation of the order.</span></span></span></span></p>\r\n\r\n<p style=\"text-align:justify\">&nbsp;</p>\r\n\r\n<p style=\"margin-left:48px; text-align:justify\"><span style=\"font-size:14px\"><span style=\"font-family:Calibri,sans-serif\"><span style=\"font-family:&quot;Arial&quot;,sans-serif\"><span style=\"color:#555555\">6.3 All commercial / contractual terms are offered by and agreed to between Buyers and Sellers alone. The commercial / contractual terms include without limitation price, shipping costs, payment methods, payment terms, date, period and mode of delivery, warranties and after sales services related to goods and services. Indocliq does not have any control or determines or advises or in any way involves itself in the offering or acceptance of such commercial / contractual terms between Buyers and Sellers.<br />\r\n<br />\r\n6.4. Indocliq is not responsible for any non-performance or breach of any contract entered into between Users (includes Registered User or Guest User). Indocliq cannot and does not guarantee that the concerned Users will perform any transaction concluded on the Website. Indocliq shall not and is not required to mediate or resolve any dispute or disagreement between Users.<br />\r\n<br />\r\n6.5. Indocliq does not make any representation or warranty as to the attributes (such as legal title, creditworthiness, identity, etc.) of any of its Users. You are advised to independently verify the bona fides of any particular User that You choose to deal with on the Website and use Your best judgment in that respect.</span></span></span></span></p>\r\n\r\n<p style=\"margin-left:24px; text-align:justify\">&nbsp;</p>\r\n\r\n<p style=\"margin-left:48px; text-align:justify\"><span style=\"font-size:14px\"><span style=\"font-family:Calibri,sans-serif\"><span style=\"font-family:&quot;Arial&quot;,sans-serif\"><span style=\"color:#555555\">6.6 Indocliq does not warrant that the sale price provided by the Seller of the product is accurate, proper and valid. Any error in the sale price shall be solely attributed to the Seller and not to Indocliq. Prices, Product description and availability of the Product are Seller&#39;s responsibility.<br />\r\n<br />\r\n6.7. Indocliq does not at any point of time during any transaction between the Buyer and the Seller on the Website come into or takes of any of the goods or services offered by Seller nor does it at any point gain title to or have any rights or claims over the goods or services offered by the Seller to the Buyer. Indocliq may provide fulfillment and logistics services to certain merchants/Sellers but still does not take possession or title of any product or service sold.<br />\r\n<br />\r\n6.8 Buyer expressly acknowledges that the Seller selling the defective Product will be responsible to the Buyer for any claims that the Buyer may have in relation to such defective Product and Indocliq shall not in any manner be held liable for the same.<br />\r\n<br />\r\n6.6. The Website is only a venue through which Users can reach a larger base to buy and sell items or services.</span></span></span></span></p>\r\n\r\n<p style=\"margin-left:48px; text-align:justify\"><span style=\"font-size:14px\"><span style=\"font-family:Calibri,sans-serif\"><span style=\"font-family:&quot;Arial&quot;,sans-serif\"><span style=\"color:#555555\">&nbsp;Indocliq is only providing a platform for communication and it is agreed that the contract for sale of any of the products or services shall be a strictly bipartite contract between the Seller and the Buyer. At no time shall any right, title or interest over the items vest with Indocliq nor shall Indocliq have any obligations or liabilities in respect of such contract for sale. Indocliq is not responsible for unsatisfactory or delayed performance of services or damages or delays as a result of items, which are out of stock, back ordered or otherwise unavailable. All items are offered only for a restricted time and only for the available supply as offered by the Sellers.<br />\r\n<br />\r\n6.7. At no time shall any right, title or interest over the items vest with Indocliq nor shall Indocliq have any obligations or liabilities in respect of such contract. Indocliq is not responsible for unsatisfactory or delayed performance of services or damages or delays as a result of items which are out of stock, back ordered or otherwise unavailable.<br />\r\n<br />\r\n6.8. You shall independently agree upon the manner and terms and conditions of delivery, payment, insurance etc. with the other Users that You transact with.</span></span></span></span><br />\r\n&nbsp;</p>\r\n\r\n<p style=\"margin-left:48px; text-align:justify\"><span style=\"font-size:14px\"><span style=\"font-family:Calibri,sans-serif\"><span style=\"font-family:&quot;Arial&quot;,sans-serif\"><span style=\"color:#555555\">6.9. You release and indemnify Indocliq and/or any of its shareholders, directors, officers, affiliates, employees and representatives from any cost, damage, liability or other consequence of any of the actions of the Users of the Website and specifically waive any claims that You may have in this behalf under any applicable law. Notwithstanding its reasonable efforts in that behalf, Indocliq cannot control the information provided by other Users which is made available on the Website. You may find other User&#39;s information to be offensive, harmful, inaccurate, or deceptive. Please use caution and practice safe trading when using the Website. Please note that there may be risks in dealing with foreign nationals, underage persons or people acting under false pretense.</span></span></span></span></p>\r\n\r\n<p style=\"margin-left:48px; text-align:justify\"><span style=\"font-size:14px\"><span style=\"font-family:Calibri,sans-serif\"><strong><span style=\"font-family:&quot;Arial&quot;,sans-serif\"><span style=\"color:#555555\">Disclaimer:</span></span></strong><span style=\"font-family:&quot;Arial&quot;,sans-serif\"><span style=\"color:#555555\">&nbsp;You acknowledge and undertake that You are accessing the services on the Website and transacting at Your own risk and are using Your best and prudent judgment before entering into any transactions through the Website. We shall neither be liable nor responsible for any actions or inactions of Sellers nor any breach of conditions, representations or warranties by the Sellers or manufacturers of the products and hereby expressly disclaim any and all responsibility and liability in that regard.&nbsp;</span></span></span></span><br />\r\n<br />\r\n&nbsp;</p>\r\n\r\n<p style=\"margin-left:24px; text-align:justify\"><span style=\"font-size:14px\"><span style=\"font-family:Calibri,sans-serif\"><strong><span style=\"font-family:&quot;Arial&quot;,sans-serif\"><span style=\"color:black\">7. Privacy</span></span></strong></span></span></p>\r\n\r\n<p style=\"margin-left:48px; text-align:justify\"><br />\r\n<span style=\"font-size:14px\"><span style=\"font-family:Calibri,sans-serif\"><span style=\"font-family:&quot;Arial&quot;,sans-serif\"><span style=\"color:#555555\">We do not sell or rent Your personal information to third parties for their marketing purposes without Your explicit consent, we only use Your information as described in the Privacy Policy. We view protection of users privacy as a very important community principle. We understand clearly that You and Your Personal Information is one of our most important assets. We store and process Your Information on computers located in the United States and Asia Pacific at some of the best data centers in the world that are protected by physical as well as reasonable technological security measures and procedures in accordance with the Information Technology Act 2000 and rules there under. Our current Privacy Policy is available at&nbsp;</span><span style=\"color:#24a3b5\"><a href=\"http://indocliq.in/privacy_policy\" style=\"color:blue; text-decoration:underline\" target=\"_blank\"><span style=\"color:#24a3b5\">//Indocliq/privacy-policy.html</span></a></span><span style=\"color:#555555\">. If You object to Your Information being transferred or used in this way, please do not use the Website.<br />\r\n<br />\r\nWe may share personal information with our other corporate entities and affiliates. These entities and affiliates may market to You as a result of such sharing of information, unless You explicitly opt-out.</span></span></span><br />\r\n<span style=\"font-family:Calibri,sans-serif\"><span style=\"font-family:&quot;Arial&quot;,sans-serif\"><span style=\"color:#555555\">We may disclose personal information to third parties. This disclosure may be required by us to provide You with the access to our Services, to comply with our legal obligations, to enforce our User Agreement, to facilitate our marketing and advertising activities, or to prevent, detect, mitigate, and investigate fraudulent or illegal activities related to our Services. We do not disclose Your personal information to third parties for their marketing and advertising purposes without Your explicit consent.<br />\r\n<br />\r\nWe may disclose personal information if required to do so under the law or in good faith belief that such disclosure is reasonably necessary to respond to subpoenas, court orders, or other legal process. We may disclose personal information to law enforcement offices, third party rights owners, or others in good faith belief that such disclosure is reasonably necessary to: enforce our Terms or Privacy Policy; respond to claims that an advertisement, posting or other content violates the rights of a third party; or protect the rights, property or personal safety of our users or the general public.<br />\r\n<br />\r\nWe and our affiliates will share some or all of Your personal information with another business entity we (or our assets) plan to merge with, or be acquired by that business entity, or re-organization, amalgamation, restructuring of the business. Should such a transaction occur that other business entity (or the new combined entity) will be required to follow this privacy policy with respect to Your personal information.<br />\r\n<br />\r\nYour Consent: By using the Site and/ or by providing Your Information, You consent to the collection and use of the information You disclose on the Site by Indocliq in accordance with Indocliq Privacy Policy. You agree and acknowledge that You have read and fully understood the Privacy Policy and the terms and contents of such Privacy Policy as mentioned in the Website is acceptable by You.</span></span><br />\r\n<br />\r\n<strong><span style=\"font-family:&quot;Arial&quot;,sans-serif\"><span style=\"color:black\">8. Breach</span></span></strong></span></span></p>\r\n\r\n<p style=\"margin-left:48px; text-align:justify\"><br />\r\n<span style=\"font-size:14px\"><span style=\"font-family:Calibri,sans-serif\"><span style=\"font-family:&quot;Arial&quot;,sans-serif\"><span style=\"color:#555555\">Without limiting other remedies, Indocliq may limit Your activity, immediately remove Your information or end Your listing, warn other Users of Your actions, temporarily/indefinitely suspend or terminate or block Your membership, and/or refuse to provide You with the access to the Website in the event, but not limited to:</span></span></span></span></p>\r\n\r\n<p style=\"margin-left:48px; text-align:justify\"><span style=\"font-size:14px\"><span style=\"font-family:Calibri,sans-serif\"><span style=\"font-family:&quot;Arial&quot;,sans-serif\"><span style=\"color:#555555\">If You breach the User Agreement or Privacy Policy or the documents, agreements rules, policies, terms and conditions as incorporated herein by reference;</span></span></span></span></p>\r\n\r\n<ol style=\"list-style-type:lower-alpha\">\r\n	<li style=\"text-align: justify;\"><span style=\"font-size:14px\"><span style=\"color:#555555\"><span style=\"font-family:Calibri,sans-serif\"><span style=\"font-family:&quot;Arial&quot;,sans-serif\">If Indocliq is unable to verify or authenticate any information provided by You; or</span></span></span></span></li>\r\n	<li style=\"text-align: justify;\"><span style=\"font-size:14px\"><span style=\"color:#555555\"><span style=\"font-family:Calibri,sans-serif\"><span style=\"font-family:&quot;Arial&quot;,sans-serif\">c. If it is believed that Your actions may cause legal liability for other Users or Indocliq. We may at any time at our sole discretion reinstate suspended Users. A User that has been suspended or blocked may not register or attempt to register with Indocliq or use the Website in any manner whatsoever until such time that such User is reinstated by Indocliq. Notwithstanding the foregoing, if You breach the User Agreement or any other documents it incorporates by reference, Indocliq reserves the right to recover any amounts due and owing by You to Indocliq and to take strict legal action including but not limited to a referral to the appropriate police or other authorities for initiating criminal or other proceedings against You.</span></span></span></span></li>\r\n</ol>\r\n\r\n<p style=\"margin-left:24px; text-align:justify\"><span style=\"font-size:14px\"><span style=\"font-family:Calibri,sans-serif\"><strong><span style=\"font-family:&quot;Arial&quot;,sans-serif\"><span style=\"color:black\">9. Buying</span></span></strong></span></span></p>\r\n\r\n<p style=\"margin-left:24px; text-align:justify\"><span style=\"font-size:14px\"><span style=\"font-family:Calibri,sans-serif\"><span style=\"font-family:&quot;Arial&quot;,sans-serif\"><span style=\"color:#555555\">All purchases on the Website are a firm commitment to purchase. If You are the purchaser for any item, You are obligated to complete the transaction with the Seller.</span></span></span><br />\r\n<br />\r\n<span style=\"font-family:Calibri,sans-serif\"><span style=\"font-family:&quot;Arial&quot;,sans-serif\"><span style=\"color:#555555\">By purchasing on an item You agree to be bound by the conditions of sale included in the item&#39;s description (or linked to from the description) so long as those conditions of sale are not in violation of the User Agreement or are unlawful. In case of consumer goods, the Sellers on the Website may or may not specify the retail prices of the items being sold. You are advised to independently verify the retail prices of such items if You so desire.<br />\r\n<br />\r\nIndocliq strongly advises You not to test the Website with false purchases, as it will put You at substantial personal legal risk. It is an offence to use a false name, other false personal information or a known invalid/ unauthorized credit/ debit/ cash card and such other infrastructure directly through Bank or financial institution infrastructure or indirectly through Payment Aggregator. Willfully entering erroneous or fictitious bids may result in prosecution by Indocliq.<br />\r\n<br />\r\nPlease note that in the event any inaccurate information is provided by You regarding Your identity, Your Web browser transmits a unique address to us, which can be used by law enforcement officials to identify You. If You are a registered Buyer on the Website we encourage You to post feedback for the Seller after the transaction is closed. In case of purchase of an Artwork which is marked as &quot;non-exportable&quot; on the Website or it is illegal to export the same, You agree that the Artwork shall not be exported out of India or otherwise dealt in any such manner which shall be in contravention of any law for the time being in force or any rules, regulations, notifications and orders passed there under.</span></span><br />\r\n<br />\r\n<strong><span style=\"font-family:&quot;Arial&quot;,sans-serif\"><span style=\"color:black\">10. Fulfillments and Shipping</span></span></strong></span></span></p>\r\n\r\n<p style=\"margin-left:24px; text-align:justify\"><br />\r\n<span style=\"font-size:14px\"><span style=\"font-family:Calibri,sans-serif\"><span style=\"font-family:&quot;Arial&quot;,sans-serif\"><span style=\"color:#555555\">Indocliq from time to time may offer certain fulfillment services to Sellers, however, Sellers remain responsible for the overall shipping quality, delivery, and cost of shipping. Indocliq may provide pick-up and delivery services to Sellers but all of these services are provided as contract or outsourced services on behalf of the merchants. At no time, Indocliq takes title or ownership of any product or inventory.</span></span><br />\r\n<br />\r\n<strong><span style=\"font-family:&quot;Arial&quot;,sans-serif\"><span style=\"color:black\">11. Buyer Protection at Indocliq</span></span></strong></span></span></p>\r\n\r\n<p style=\"margin-left:24px; text-align:justify\"><br />\r\n<span style=\"font-size:14px\"><span style=\"font-family:Calibri,sans-serif\"><span style=\"font-family:&quot;Arial&quot;,sans-serif\"><span style=\"color:#555555\">Indocliq does not permit the merchants to sell duplicate, spurious, knock-offs or grey channel items. Merchant guarantees to sell only genuine made in India products to customers through Indocliq. All Merchants listing their products on Indocliq are required to enter into an agreement to list and sell only genuine Indian products. We also encourage the merchants to extend all the warranties, guarantees as entailed in the product by the Merchant/Seller to You, all this at a great price and with the best customer services in the industry. It is however clarified that the Indocliq seeks to ensure the aforesaid only on a best endeavor basis and does not assure or provide any personal warranties or assumes and liability or responsibility pertaining to the genuinity and authenticity of the products and/or the Seller, for which the Seller shall be solely responsible and liable.<br />\r\n<br />\r\nIf Indocliq gains suspicion or knowledge, that any of its members are involved in any activity that is intended to provide claims or information that is false, misleading or not genuine, then Indocliq may while reserving its rights to initiate civil and/or criminal proceedings against member may also at its sole discretion suspend, block, restrict, cancel the user id of Registered User and such necessary action against the Guest User of such member and/or disqualify that member and any related members from availing protection through this program.<br />\r\nIndocliq reserves its right to initiate civil and/or criminal proceedings against a user who, files an invalid and/or false claim or provides false, incomplete, or misleading information. In addition to the legal proceedings as aforesaid, Indocliq may at its sole discretion suspend, block, restrict, cancel the User ID [and its related user ids] of such user and/or disqualify that member and any related members from availing protection through this program.</span></span></span></span></p>\r\n\r\n<p style=\"margin-left:24px; text-align:justify\"><br />\r\n<span style=\"font-size:14px\"><span style=\"font-family:Calibri,sans-serif\"><span style=\"font-family:&quot;Arial&quot;,sans-serif\"><span style=\"color:#555555\">Any person who, knowingly and with an intent to injure, defraud or deceive, files a Fraudulent Complaint containing false, incomplete, or misleading information shall be guilty of a criminal offence and will be prosecuted to the fullest extent under the law.</span></span><br />\r\n<br />\r\n<strong><span style=\"font-family:&quot;Arial&quot;,sans-serif\"><span style=\"color:black\">12. Selling/Advertising</span></span></strong></span></span></p>\r\n\r\n<p style=\"margin-left:24px; text-align:justify\"><br />\r\n<span style=\"font-size:14px\"><span style=\"font-family:Calibri,sans-serif\"><span style=\"font-family:&quot;Arial&quot;,sans-serif\"><span style=\"color:#555555\">As a registered member, You may list item/s for sale/advertising on the Website in accordance with the Listing Policies more fully detailed at Indocliq under General Policies and Rules//Indocliq/policies-and-rules.html which Policy is incorporated by way of reference in this Agreement. You represent that You are legally allowed to sell/advertise the item(s) You list for sale/advertising on Indocliq. You further agree to ensure that the products sold/advertised by You through Indocliq are genuine and are not counterfeit or stolen/ spurious /grey channel or knock off items.</span></span></span></span></p>\r\n\r\n<p style=\"text-align:justify\">&nbsp;</p>\r\n\r\n<p style=\"margin-left:24px; text-align:justify\"><span style=\"font-size:14px\"><span style=\"font-family:Calibri,sans-serif\"><span style=\"font-family:&quot;Arial&quot;,sans-serif\"><span style=\"color:#555555\">You further agree to ensure that the items/products listed by You on Indocliq do not infringe upon the intellectual property, trade secret or other proprietary rights or rights of publicity or privacy rights of any third parties. You acknowledge and understand that &quot;Listings&quot; may include text descriptions, graphics and pictures that describe Your item for sale. You shall be deemed to be infringing the intellectual property rights of a third party if You are (i) affixing a registered trademark (or an identical or similar trademark likely to confuse the public to have an association with the registered trademark) of such third party to Your goods or its packaging; (ii) offering or putting for sale or stocking the goods under the said trademark; or (iii) using the said trademark in advertising Your product.<br />\r\n<br />\r\nYou acknowledge that if any genuine claim is received by Indocliq from any person through the Report Abuse section of Indocliq (terms of which are incorporated herein by reference), Indocliq may in its sole discretion block Your merchant/user account and/or remove the products listed by You on Indocliq, without any prior notice to You. Indocliq would however provide You a post facto intimation regarding the same. You agree that You shall have no claim whatsoever against Indocliq in this regard and the decision of Indocliq, as aforesaid shall be binding on You.<br />\r\n<br />\r\nYou further agree to ensure that the listing description of the item must not be misleading and must describe actual present condition of the product. All listed items must be listed in an appropriate category on the Website. All listed items must be kept in stock for successful fulfillment of sales. If the item description does not match the actual condition of the item, You agree to replace the product delivered to the Buyer with the correct product and/or refund any amounts that You may have received from the Buyer within 10 days of receipt of intimation from us in this regard. You agree not to list a single product in multiple quantities across various categories on the Website. Indocliq reserves the right to delete such multiple listings of the same product listed by You in various categories.</span></span></span></span></p>\r\n\r\n<p style=\"margin-left:24px; text-align:justify\">&nbsp;</p>\r\n\r\n<p style=\"margin-left:24px; text-align:justify\"><span style=\"font-size:14px\"><span style=\"font-family:Calibri,sans-serif\"><strong><span style=\"font-family:&quot;Arial&quot;,sans-serif\"><span style=\"color:black\">13. Payments</span></span></strong></span></span></p>\r\n\r\n<p style=\"margin-left:24px; text-align:justify\"><br />\r\n<span style=\"font-size:14px\"><span style=\"font-family:Calibri,sans-serif\"><span style=\"font-family:&quot;Arial&quot;,sans-serif\"><span style=\"color:#555555\">Indocliq uses third party payment providers to receive payments from the Buyers on Seller&#39;s behalf. Indocliq is not responsible for delays or erroneous transaction execution or cancellation of orders due to payment issues. Indocliq takes utmost care to work with 3rd party payment providers, but does not control their systems, processes, technology and work flows, hence cannot be held responsible for any fault at the end of payment providers. Further, Indocliq does not release the payment to Sellers until the order has been received by the Buyers and they are satisfied with it. Indocliq shall only make payments to the Sellers subject to realisation of payment received from the Buyer to Indocliq. The Seller payment is typically net of the service fee charged by Indocliq for its services and after deduction of applicable withholding taxes (if any).</span></span></span></span></p>\r\n\r\n<p style=\"margin-left:24px; text-align:justify\"><br />\r\n<span style=\"font-size:14px\"><span style=\"font-family:Calibri,sans-serif\"><strong><span style=\"font-family:&quot;Arial&quot;,sans-serif\"><span style=\"color:black\">14. Feedback</span></span></strong></span></span></p>\r\n\r\n<p style=\"margin-left:24px; text-align:justify\"><br />\r\n<span style=\"font-size:14px\"><span style=\"font-family:Calibri,sans-serif\"><span style=\"font-family:&quot;Arial&quot;,sans-serif\"><span style=\"color:#555555\">We encourage Registered Buyers on the Website to provide feedback to the Sellers after the transaction has been closed, this helps other Users to know the performance level of the said Merchant/Seller. Please remember that You cannot retract the feedback once You have provided it. Further You agree that the feedback You provide to the Website shall be deemed to be non- confidential and will be displayed along with Your user ID. Indocliq will not be responsible for the feedback that You post on the Website and You should be careful in making comments that are not factual in nature and should not post defamatory or illegal or offensive/obscene contents, for which You shall alone be liable.<br />\r\n<br />\r\nYou may not take any actions that may undermine the integrity of the feedback system. If You continue to receive negative feedback ratings, Indocliq reserves the right to suspend Your membership, and You will be unable to list, buy or bid on the Website. You agree that Your feedback shall not contain confidential or proprietary information of You or of third parties.</span></span></span></span></p>\r\n\r\n<p style=\"text-align:justify\">&nbsp;</p>\r\n\r\n<p style=\"margin-left:24px; text-align:justify\"><span style=\"font-size:14px\"><span style=\"font-family:Calibri,sans-serif\"><strong><span style=\"font-family:&quot;Arial&quot;,sans-serif\"><span style=\"color:#555555\">Export -</span></span></strong><span style=\"font-family:&quot;Arial&quot;,sans-serif\"><span style=\"color:#555555\">&nbsp;As feedback ratings are not designed for any purpose other than for facilitating trading between the Users, You agree that You shall not market or export Your Website feedback rating in any venue other than on the Website.<br />\r\n<br />\r\n<strong>Import -</strong>&nbsp;We do not provide the technical ability to allow You to import feedback from other websites to Indocliq because a composite number, without the corresponding feedback does not reflect Your true online reputation within our community.</span></span><br />\r\n<br />\r\n<strong><span style=\"font-family:&quot;Arial&quot;,sans-serif\"><span style=\"color:black\">15. No Warranty</span></span></strong></span></span></p>\r\n\r\n<p style=\"margin-left:24px; text-align:justify\"><br />\r\n<span style=\"font-size:14px\"><span style=\"font-family:Calibri,sans-serif\"><span style=\"font-family:&quot;Arial&quot;,sans-serif\"><span style=\"color:#555555\"><strong>THE WEBSITE, SERVICES, CONTENT, USER CONTENT AND ANY THIRD PARTY CONTENT ARE PROVIDED BY INDOCLIQ ON AN &quot;AS IS&quot; BASIS WITHOUT WARRANTY OF ANY KIND, EXPRESS, IMPLIED, STATUTORY OR OTHERWISE, INCLUDING THE IMPLIED WARRANTIES OF TITLE, NON-INFRINGEMENT, MERCHANTABILITY OR FITNESS FOR A PARTICULAR PURPOSE. WITHOUT LIMITING THE FOREGOING, INDOCLIQ MAKES NO WARRANTY THAT (I) THE WEBSITE OR THE SERVICES WILL MEET YOUR REQUIREMENTS OR YOUR USE OF THE WEBSITE OR THE SERVICES WILL BE UNINTERRUPTED, TIMELY, SECURE OR ERROR-FREE; (II) THE RESULTS THAT MAY BE OBTAINED FROM THE USE OF THE WEBSITE OR SERVICES WILL BE EFFECTIVE, ACCURATE OR RELIABLE; (III) THE QUALITY OF THE WEBSITE OR SERVICES WILL MEET YOUR EXPECTATIONS; OR THAT (IV) ANY ERRORS OR DEFECTS IN THE WEBSITE ORSERVICES WILL BE CORRECTED.</strong></span></span></span></span></p>\r\n\r\n<p style=\"margin-left:24px; text-align:justify\"><span style=\"font-size:14px\"><span style=\"font-family:Calibri,sans-serif\"><strong><span style=\"font-family:&quot;Arial&quot;,sans-serif\"><span style=\"color:#555555\">&nbsp;NO ADVICE OR INFORMATION, WHETHER ORAL OR WRITTEN, OBTAINED BY YOU FROM INDOCLIQ OR THROUGHTHE WEBSITE / CONTENTOR FROM USE OF THE SERVICES SHALL CREATE ANY WARRANTY NOT EXPRESSLY STATED IN THESE TERMS OF USE.<br />\r\nTO THE MAXIMUM EXTENT PERMITTED BY APPLICABLE LAW, INDOCLIQ WILL HAVE NO LIABILITY RELATED TO USER CONTENTAND / OR THIRD PARTY CONTENTARISING UNDER INTELLECTUAL PROPERTY RIGHTS, LIBEL, PRIVACY, PUBLICITY, OBSCENITY OR OTHER LAWS. INDOCLIQ ALSO DISCLAIMS ALL LIABILITY WITH RESPECT TO THE MISUSE, LOSS, MODIFICATION OR UNAVAILABILITY OF ANY USER CONTENT AND / OR THIRD PARTY CONTENT.<br />\r\nYOU EXPRESSLY UNDERSTAND AND AGREE THAT, TO THE MAXIMUM EXTENT PERMITTED BY APPLICABLE LAW INDOCLIQ WILL NOT BE LIABLE FOR ANY LOSS THAT YOU MAY INCUR AS A CONSEQUENCE OF UNAUTHORIZED USE OF YOUR ACCOUNT OR ACCOUNT INFORMATION IN CONNECTION WITH THE WEBSITE OR ANY SERVICES, EITHER WITH OR WITHOUT YOUR KNOWLEDGE. </span></span></strong></span></span></p>\r\n\r\n<p style=\"margin-left:24px; text-align:justify\">&nbsp;</p>\r\n\r\n<p style=\"margin-left:24px; text-align:justify\"><span style=\"font-size:14px\"><span style=\"font-family:Calibri,sans-serif\"><strong><span style=\"font-family:&quot;Arial&quot;,sans-serif\"><span style=\"color:#555555\">INDOCLIQ HAS ENDEAVORED TO ENSURE THAT ALL THE INFORMATION ON THE WEBSITE IS CORRECT, BUT INDOCLIQ NEITHER WARRANTS NOR MAKES ANY REPRESENTATIONS REGARDING THE QUALITY, ACCURACY OR COMPLETENESS OF ANY DATA, INFORMATION, PRODUCT OR SERVICE. INDOCLIQ SHALL NOT BE RESPONSIBLE FOR THE DELAY OR INABILITY TO USE THE WEBSITE OR RELATED FUNCTIONALITIES, THE PROVISION OF OR FAILURE TO PROVIDE FUNCTIONALITIES, OR FOR ANY INFORMATION, SOFTWARE, PRODUCTS, FUNCTIONALITIES AND RELATED GRAPHICS OBTAINED THROUGH THE WEBSITE, OR OTHERWISE ARISING OUT OF THE USE OF THE WEBSITE, WHETHER BASED ON CONTRACT, TORT, NEGLIGENCE, STRICT LIABILITY OR OTHERWISE. FURTHER, INDOCLIQ SHALL NOT BE HELD RESPONSIBLE FOR NON-AVAILABILITY OF THE WEBSITE DURING PERIODIC MAINTENANCE OPERATIONS OR ANY UNPLANNED SUSPENSION OF ACCESS TO THE WEBSITE THAT MAY OCCUR DUE TO TECHNICAL REASONS OR FOR ANY REASON BEYOND INDOCLIQ &#39;S CONTROL. </span></span></strong></span></span></p>\r\n\r\n<p style=\"text-align:justify\">&nbsp;</p>\r\n\r\n<p style=\"margin-left:24px; text-align:justify\"><span style=\"font-size:14px\"><span style=\"font-family:Calibri,sans-serif\"><strong><span style=\"font-family:&quot;Arial&quot;,sans-serif\"><span style=\"color:#555555\">THE USER UNDERSTANDS AND AGREES THAT ANY MATERIAL OR DATA DOWNLOADED OR OTHERWISE OBTAINED THROUGH THE WEBSITE IS DONE ENTIRELY AT THEIR OWN DISCRETION AND RISK AND THEY WILL BE SOLELY RESPONSIBLE FOR ANY DAMAGE TO THEIR COMPUTER SYSTEMS OR LOSS OF DATA THAT RESULTS FROM THE DOWNLOAD OF SUCH MATERIAL OR DATA. INDOCLIQ IS NOT RESPONSIBLE FOR ANY TYPOGRAPHICAL ERROR LEADING TO AN INVALID COUPON. INDOCLIQ ACCEPTS NO LIABILITY FOR ANY ERRORS OR OMISSIONS, WITH RESPECT TO ANY INFORMATION PROVIDED TO YOU WHETHER ON BEHALF OF ITSELF OR THIRD PARTIES.</span></span></strong><br />\r\n<br />\r\n<span style=\"font-family:&quot;Arial&quot;,sans-serif\"><span style=\"color:#555555\"><strong>16. Limitation of Liability</strong></span></span></span></span></p>\r\n\r\n<p style=\"margin-left:24px; text-align:justify\"><br />\r\n<span style=\"font-size:14px\"><span style=\"font-family:Calibri,sans-serif\"><span style=\"font-family:&quot;Arial&quot;,sans-serif\"><span style=\"color:#555555\">In no event shall Indocliq or its suppliers, affiliates, service providers and their respective officers, directors, employees, partner be liable for any direct, indirect, incidental, special, incidental, consequential , exemplary or punitive damages whatsoever, including but not limited to, damages for loss of profits, goodwill, use, data or other intangible losses or based on any theory of liability including breach of contract or warranty, negligence or other tortious action or any other claim arising out of or in connection with Your use of or access to the Website, its services ,content or this agreement (however arising, including negligence).<br />\r\nIndocliq&#39;s entire and aggregate liability in any circumstance including these terms and conditions shall not exceed the greater of Indian Rupees One Hundred (INR 100) or the amount of fees, if any, paid by You to Indocliq under the relevant order to which the cause of action for the liability related. </span></span></span></span></p>\r\n\r\n<p style=\"margin-left:24px; text-align:justify\">&nbsp;</p>\r\n\r\n<p style=\"margin-left:24px; text-align:justify\"><span style=\"font-size:14px\"><span style=\"font-family:Calibri,sans-serif\"><span style=\"font-family:&quot;Arial&quot;,sans-serif\"><span style=\"color:#555555\">Indocliq, its associates, affiliates and service providers and technology partners make no representations or Warranties about the accuracy, reliability, completeness, and/or timeliness of any content, information, software, text, graphics, links or communications provided on or through the use of the Website or that the operation of the Website will be error free and/or uninterrupted. Consequently, Indocliq assumes no liability whatsoever for any monetary or other damage suffered by You on account of:</span></span></span></span></p>\r\n\r\n<ol style=\"list-style-type:lower-alpha\">\r\n	<li style=\"text-align: justify;\"><span style=\"font-size:14px\"><span style=\"color:#555555\"><span style=\"font-family:Calibri,sans-serif\"><span style=\"font-family:&quot;Arial&quot;,sans-serif\">Delay, failure, interruption, or corruption of any data or other information transmitted in connection with use of the Website;</span></span></span></span></li>\r\n	<li style=\"text-align: justify;\"><span style=\"font-size:14px\"><span style=\"color:#555555\"><span style=\"font-family:Calibri,sans-serif\"><span style=\"font-family:&quot;Arial&quot;,sans-serif\">Any interruption or errors in the operation of the Website.</span></span></span></span></li>\r\n</ol>\r\n\r\n<p style=\"margin-left:24px; text-align:justify\">&nbsp;</p>\r\n\r\n<p style=\"margin-left:24px; text-align:justify\"><span style=\"font-size:14px\"><span style=\"font-family:Calibri,sans-serif\"><strong><span style=\"font-family:&quot;Arial&quot;,sans-serif\"><span style=\"color:black\">17. Indemnity</span></span></strong><br />\r\n<span style=\"font-family:&quot;Arial&quot;,sans-serif\"><span style=\"color:#555555\">You agree to indemnify and hold harmless Indocliq and (as applicable) Indocliq&#39;s parent, subsidiaries, affiliates, third-parties and their respective shareholders, officers, directors, agents, and employees, from any losses, liabilities, damages, costs and expenses, claims or demand, or actions including reasonable attorneys&#39; fees asserted against or incurred by Indocliq, made by any third party arising out of Your breach or non-performance of terms of the User Agreement, Indocliq Rules and Policies, or the documents they incorporate by reference, or Your violation of any law, rules or regulations or the rights of a third party.<br />\r\nIndocliq may notify You of any claims which You shall be liable to indemnify Indocliq against. You will then be required to consult with Indocliq regarding the course of action to be undertaken in defending such a claim. Further, You shall not compromise or settle any claim or admit any liability or wrongdoing on the part of Indocliq without the express prior written consent of Indocliq which can be withheld or denied or conditioned by Indocliq in its sole discretion.</span></span><br />\r\n<br />\r\n<strong><span style=\"font-family:&quot;Arial&quot;,sans-serif\"><span style=\"color:black\">18. General</span></span></strong><br />\r\n<span style=\"font-family:&quot;Arial&quot;,sans-serif\"><span style=\"color:#555555\">18.1. None of the provisions of the User Agreement shall be deemed to constitute a partnership or agency between You and Indocliq and You shall have no authority to bind Indocliq in any manner whatsoever.<br />\r\n<br />\r\n18.2. Notices: Except as explicitly stated otherwise, any notices shall be given by postal mail on behalf of Indocliq to Flying Fox Tradecom Private Limited Attn: Legal Department, at Indo Cliq&rsquo;s corporate office situated at 60/6, Azad Nagar, Dewas Road, Ujjain -456001, (in the case of Indocliq) or to the email address You provide to us during the registration process (in Your case). Notice shall be deemed given 24 hours after the email is sent, unless the sending party is notified that the email address is invalid. Alternatively, we may give You notice by certified mail, postage prepaid and return receipt requested, to the address provided to us during the registration process. In such case, notice shall be deemed given 3 days after the date of mailing.<br />\r\n<br />\r\n18.3. Severability: If any clause of the User Agreement shall be deemed invalid, void or for any reason unenforceable, such clause shall be deemed severable and shall not affect the validity and enforceability of the remaining clauses of the User Agreement.<br />\r\n<br />\r\n18.4. Entire Agreement: This Agreement sets forth the entire understanding and agreement between You and Indocliq with respect to the subject matter hereof.</span></span></span></span><br />\r\n&nbsp;</p>\r\n\r\n<p style=\"margin-left:24px; text-align:justify\"><span style=\"font-size:14px\"><span style=\"font-family:Calibri,sans-serif\"><span style=\"font-family:&quot;Arial&quot;,sans-serif\"><span style=\"color:#555555\">18.5. Assignment: You cannot assign or otherwise transfer this User Agreement, or any rights granted hereunder to any third party. Indocliq may transfer its rights and obligations (also known as &quot;assign&quot;) under this Agreement without Your prior express consent, provided that Indocliq assigns the Agreement on the same terms or terms that are no less advantageous to You.<br />\r\n<br />\r\n18.6. Dispute Resolutions: Generally, transactions are conducted smoothly on Indocliq. However there may be some cases where both the Buyers and Sellers may face issues. At Indocliq, we have a Dispute Resolution process in order to resolve disputes between Buyers and Sellers.<br />\r\n<br />\r\nA &#39;Dispute&#39; can be defined as a disagreement between a Buyer and a Seller in connection with a transaction on the Website. Disputes arise out of an issue that is raised by either party not being completely satisfied with the resolution of their complaint/issue.</span></span></span></span><br />\r\n&nbsp;</p>\r\n\r\n<p style=\"margin-left:24px; text-align:justify\"><span style=\"font-size:14px\"><span style=\"font-family:Calibri,sans-serif\"><span style=\"font-family:&quot;Arial&quot;,sans-serif\"><span style=\"color:#555555\">It is important that before a Buyer/Seller raises a dispute, they should attempt to resolve the issue amicably between each other. Please note that whenever a Buyer raises a dispute, the Seller&#39;s payment for that order is put on hold immediately until the issue is resolved.</span></span></span></span><br />\r\n&nbsp;</p>\r\n\r\n<p style=\"margin-left:24px; text-align:justify\"><span style=\"font-size:14px\"><span style=\"font-family:Calibri,sans-serif\"><strong><span style=\"font-family:&quot;Arial&quot;,sans-serif\"><span style=\"color:#555555\">How is a &#39;dispute&#39; resolved?</span></span></strong><br />\r\n<span style=\"font-family:&quot;Arial&quot;,sans-serif\"><span style=\"color:#555555\">Whenever there is a disagreement relating to any transaction, the users can write to&nbsp;</span><span style=\"color:#24a3b5\"><a href=\"mailto:grievance@shopclues.com\" style=\"color:blue; text-decoration:underline\"><span style=\"color:#24a3b5\">grievance@Indocliq</span></a></span><span style=\"color:#555555\">&nbsp;in order to raise a dispute. Once a dispute is raised by either party, Indocliq shall try to mediate and the resolve the matter amicably.</span></span></span></span><br />\r\n&nbsp;</p>\r\n\r\n<p style=\"margin-left:24px; text-align:justify\"><span style=\"font-size:14px\"><span style=\"font-family:Calibri,sans-serif\"><span style=\"font-family:&quot;Arial&quot;,sans-serif\"><span style=\"color:#555555\">18.7. Grievance Officer In accordance with the Information Technology Act, 2000 and rules made there under, the name and contact details of the Grievance Officer is published herewith:<br />\r\n<br />\r\n<strong>Grievance Officer</strong><br />\r\nFlying Fox Tradecom Private Limited<br />\r\n60/6, Azad Nagar, Dewas Road, Ujjain (MP)-456001<br />\r\n<br />\r\n<strong>E-mail ID &ndash;</strong>&nbsp;</span></span><span style=\"color:blue\"><u><a href=\"mailto:grievance@indocliq.com\" style=\"color:blue; text-decoration:underline\">grievance@indocliq.com</a></u></span>&nbsp;&nbsp;&nbsp;&nbsp;&nbsp;&nbsp;&nbsp;&nbsp;&nbsp;&nbsp;&nbsp;&nbsp;&nbsp;<br />\r\n<span style=\"font-family:&quot;Arial&quot;,sans-serif\"><span style=\"color:#555555\"><strong>Phone No. -</strong>&nbsp;</span><span style=\"color:#24a3b5\"><a href=\"tel:01244414888\" style=\"color:blue; text-decoration:underline\"><span style=\"color:#24a3b5\">&nbsp;0734-2922177</span></a></span></span></span></span></p>\r\n\r\n<p style=\"margin-left:24px; text-align:justify\"><span style=\"font-size:14px\"><span style=\"font-family:Calibri,sans-serif\"><strong><span style=\"font-family:&quot;Arial&quot;,sans-serif\"><span style=\"color:black\">19. Report an Intellectual Property Right Violation</span></span></strong><br />\r\n<span style=\"font-family:&quot;Arial&quot;,sans-serif\"><span style=\"color:#555555\">In the event You come across any abuse or violation of these Terms of User Agreement or if You become aware of any objectionable content on the Website, or if You believe Your intellectual property rights have been violated in any manner through the Website, please refer to the Indocliq Intellectual Property Violation (ICIPV) available here&nbsp;</span><span style=\"color:#24a3b5\"><a href=\"http://indocliq.in/\" style=\"color:blue; text-decoration:underline\" target=\"_blank\"><span style=\"color:#24a3b5\">//www.Indocliq/brand-inquiries.html</span></a></span><span style=\"color:#555555\">.</span></span><br />\r\n<br />\r\n<strong><span style=\"font-family:&quot;Arial&quot;,sans-serif\"><span style=\"color:black\">20. Arbitration</span></span></strong><br />\r\n<span style=\"font-family:&quot;Arial&quot;,sans-serif\"><span style=\"color:#555555\">If any dispute arises between You and Indocliq during Your use of the Website or thereafter, in connection with the validity, interpretation, implementation or alleged breach of any provision of the User Agreement, or the documents they incorporate by reference, the dispute shall be referred to a sole Arbitrator who shall be an independent and neutral third party identified by Indocliq. The place of arbitration shall be New Delhi, India. The arbitration proceedings shall be in the English Language and shall be governed by Arbitration &amp; Conciliation Act, 1996.</span></span><br />\r\n<br />\r\n<strong><span style=\"font-family:&quot;Arial&quot;,sans-serif\"><span style=\"color:black\">21. Governing Law</span></span></strong><br />\r\n<span style=\"font-family:&quot;Arial&quot;,sans-serif\"><span style=\"color:#555555\">The User Agreement or the documents they incorporate by reference shall be governed and construed in accordance with the laws of India. Subject to Clause 19 above, all disputes arising under this Agreement between You and Indocliq shall be subject to the exclusive jurisdiction of courts at New Delhi, India.</span></span></span></span></p>\r\n\r\n<p>&nbsp;</p>\r\n', '2020-08-21');

-- --------------------------------------------------------

--
-- Table structure for table `shopreviewrating`
--

CREATE TABLE `shopreviewrating` (
  `id` int(11) NOT NULL,
  `user_id` int(11) NOT NULL,
  `shop_id` int(11) NOT NULL,
  `order_id` int(11) NOT NULL,
  `rating` int(11) NOT NULL,
  `comment` varchar(255) NOT NULL,
  `attachement` varchar(255) NOT NULL,
  `create_date` datetime NOT NULL,
  `status` int(11) NOT NULL DEFAULT '1'
) ENGINE=InnoDB DEFAULT CHARSET=utf8;

--
-- Dumping data for table `shopreviewrating`
--

INSERT INTO `shopreviewrating` (`id`, `user_id`, `shop_id`, `order_id`, `rating`, `comment`, `attachement`, `create_date`, `status`) VALUES
(1, 4, 8, 11, 3, '', '', '2020-02-14 08:49:47', 1),
(2, 4, 8, 10, 4, '', '', '2020-02-14 11:18:30', 1),
(3, 4, 4, 12, 3, '', '', '2020-02-14 13:32:54', 1),
(4, 4, 4, 15, 3, '', '', '2020-03-17 14:04:30', 1);

-- --------------------------------------------------------

--
-- Table structure for table `shops`
--

CREATE TABLE `shops` (
  `shop_id` int(11) NOT NULL,
  `shop_reg_id` varchar(50) NOT NULL,
  `shop_registration_no` varchar(100) NOT NULL,
  `owner_name` varchar(100) NOT NULL,
  `mobile_no` varchar(100) NOT NULL,
  `email` varchar(100) NOT NULL,
  `password` varchar(100) NOT NULL,
  `shop_name` varchar(255) NOT NULL,
  `shop_logo` text NOT NULL,
  `shop_image_desktop` text NOT NULL,
  `shop_image_mobile` text NOT NULL,
  `gst_number` varchar(20) NOT NULL,
  `pan_no` varchar(15) NOT NULL,
  `adhar_no` varchar(15) NOT NULL,
  `pan_image` varchar(255) NOT NULL,
  `adhar_image` varchar(255) NOT NULL,
  `owner_image` text NOT NULL,
  `gumasta_image` varchar(255) NOT NULL,
  `shop_address` text NOT NULL,
  `city_name` varchar(255) NOT NULL,
  `state_name` varchar(255) NOT NULL,
  `company` varchar(255) NOT NULL,
  `country` varchar(255) NOT NULL,
  `shop_pincode` int(11) NOT NULL,
  `shop_latitude` varchar(50) NOT NULL,
  `shop_longitude` varchar(100) NOT NULL,
  `shopping_categories` varchar(255) NOT NULL,
  `shopping_specialized` varchar(255) NOT NULL,
  `shop_type_id` int(11) NOT NULL,
  `bank_name` varchar(100) NOT NULL,
  `bank_acc_no` varchar(100) NOT NULL,
  `bank_ifsc_code` varchar(100) NOT NULL,
  `bank_branch` varchar(255) NOT NULL,
  `gst_image` varchar(255) NOT NULL,
  `account_holder_name` varchar(255) NOT NULL,
  `cancel_check_image` varchar(255) NOT NULL,
  `last_login` timestamp NOT NULL DEFAULT CURRENT_TIMESTAMP ON UPDATE CURRENT_TIMESTAMP,
  `total_sales` int(11) NOT NULL,
  `meta_tags` text NOT NULL,
  `create_date` timestamp NOT NULL DEFAULT '0000-00-00 00:00:00',
  `modify_date` timestamp NOT NULL DEFAULT CURRENT_TIMESTAMP,
  `status` tinyint(1) NOT NULL DEFAULT '1',
  `featured_status` tinyint(1) NOT NULL,
  `order_counts` int(11) NOT NULL
) ENGINE=InnoDB DEFAULT CHARSET=utf8;

--
-- Dumping data for table `shops`
--

INSERT INTO `shops` (`shop_id`, `shop_reg_id`, `shop_registration_no`, `owner_name`, `mobile_no`, `email`, `password`, `shop_name`, `shop_logo`, `shop_image_desktop`, `shop_image_mobile`, `gst_number`, `pan_no`, `adhar_no`, `pan_image`, `adhar_image`, `owner_image`, `gumasta_image`, `shop_address`, `city_name`, `state_name`, `company`, `country`, `shop_pincode`, `shop_latitude`, `shop_longitude`, `shopping_categories`, `shopping_specialized`, `shop_type_id`, `bank_name`, `bank_acc_no`, `bank_ifsc_code`, `bank_branch`, `gst_image`, `account_holder_name`, `cancel_check_image`, `last_login`, `total_sales`, `meta_tags`, `create_date`, `modify_date`, `status`, `featured_status`, `order_counts`) VALUES
(4, 'MHJ0OMHLP', 'dsfdf', 'Nirbhay Ganderff', 'OTgyNzY0MTQ4MA==', 'nirbhay.espsofttech@gmail.com', 'e10adc3949ba59abbe56e057f20f883e', 'ITSPARK ', 'l3.png', 'l31.png', 'l31.png', 'MTIzNDU2Nzg5NQ==', 'TkRnME5UUTFORFU', 'NTQ0NTY0NjQ2NDY', '', 'l3.png', 'l3.png', '', 'Indore Railway Station, Chhoti Gwaltoli, Indore, Madhya Pradesh, India', '', '', '', '', 0, '23.334169', '75.037636', 'Mens Tshirt,Jwellery', 'Mens Tshirt,Jwellery', 1, '', '', '', '', '', '', '', '2020-07-18 07:03:10', 0, '', '2019-11-06 07:16:44', '2019-11-06 11:46:44', 1, 1, 0),
(5, '88GSJ7', '45454545', '4545454aa', 'Nzk3NDQxOTUyMQ==', 'admin@admin.com', 'e10adc3949ba59abbe56e057f20f883e', 's1', 'l4.png', 'l41.png', 'l4.png', 'ODc4Nzg3ODc4Nzg3ODc=', 'Vm0wd2QyUXlVWGx', 'Vm0xMGFrMVhVWGx', 'demopancard.jpg', 'aadhar-card-sample-picture.jpg', 'l4.png', '', 'Indore Railway Station, Chhoti Gwaltoli, Indore, Madhya Pradesh, India', '', '', '', '', 0, '22.718670', '75.855710', 'ELECTRONICS,MEN,WOMEN', 'Clothes,Mobile & Tablet Accessories,Portable Audio', 1, 'sbi', '123456789', '3216549687', 'sbi', '', 'Rajat verma', '', '2020-08-22 08:46:21', 0, '', '2019-11-14 02:10:34', '2019-11-14 06:40:34', 1, 1, 0),
(6, 'IAH49G0G', 'show123456', 'itspark', 'NzUyMTQ4NTIyMg==', 'admin@admin.com', 'e10adc3949ba59abbe56e057f20f883e', 'itspark', 'l5.png', 'l5.png', 'l5.png', 'ODc4Nzg3ODc4Nzg3ODc=', 'VmtjMWQySnJNSGR', 'Nzg3ODc4Nzg3ODc', 'demopancard1.jpg', 'aadhar-card-sample-picture1.jpg', 'itspark1.jpg', '', 'Indore Railway Station, Chhoti Gwaltoli, Indore, Madhya Pradesh, India', '', '', '', '', 0, '22.738650', '75.886150', 'Gift,Electronics', '', 1, 'sf', 'asdasdds', 'dfdsads', 'sad', '', '', '', '2020-06-29 10:32:03', 0, '', '2019-12-10 03:23:30', '2019-12-10 07:53:30', 1, 1, 0),
(8, '52A8DTJ', '457897', 'nirbhay gander', 'NzQxMjU4OTYzNQ==', 'nirbhay.espsofttech@gmail.com', 'd41d8cd98f00b204e9800998ecf8427e', 'ITSPARK', 'Your uploaded image file is blank.', 'm2.png', 'm2.png', 'ODc4Nzg3ODc4Nzg3ODc=', 'Vm0weE1HRnJNVmh', 'NTQ1NDU0NTQ1NA=', 'demopancard211.jpg', 'aadhar-card-sample-picture3.jpg', 'demo11.jpg', '', '155,vijay nagar indore, 155,vijay nagar indore', '', '', '', '', 0, '22.71720790', '75.86841130', 'Electronics', 'Jwellery', 1, '', '', '', '', '', '', '', '2020-06-29 10:30:04', 0, '', '2019-12-16 03:17:27', '2019-12-16 07:47:27', 1, 1, 0),
(9, 'L5KQLG', 'YTR123456', 'nirbhay gander', 'MDg5NjIzMjc0ODg=', 'nirbhay.itspark@gmail.com', 'e10adc3949ba59abbe56e057f20f883e', 'itspark', '172.png', '172.png', '172.png', 'Nzg3ODc4Nzg3OA==', 'Vm0wd2QyUXlWa1p', 'Nzg3ODc4Nzg3ODc', 'demopancard2.jpg', 'aadhar-card-sample-picture2.jpg', 'itspark.jpg', 'blb3.png', '155,vijay nagar indore, 155,vijay nagar indore', '', '', '', '', 0, '22.71720790', '75.86841130', 'Mens Tshirt,Jwellery', 'furniture,Jwellery', 1, 'SBI', 'asdasdds', 'df', 'dsaf', '', '', 'bag5.png', '2020-08-17 07:20:37', 0, 'furniture,jwellery', '2019-12-17 05:10:17', '2019-12-17 09:40:17', 1, 1, 0),
(10, 'J2N5RST8', '123456', 'rahul', '7974419521', 'rahul.itspark@gmail.com', 'e10adc3949ba59abbe56e057f20f883e', 'rahul', 'Your uploaded image file is blank.', '17375_1592900607.jpg', '17375_1592900607.jpg', 'MTIzNDU2Nzg5', 'VmpGamVFMUZOVmh', '', '', '', '17375_1592900607.jpg', '', 'Indore Railway Station, Chhoti Gwaltoli, Indore, Madhya Pradesh, India', '', '', '', '', 0, '22.71720790', '75.86841130', 'Jwellery,Gift,Kids', '', 1, 'sbi', '123456798', '123465', 'abcd', '', 'rahul', '', '2020-08-17 18:04:31', 0, '', '2020-06-19 17:53:57', '2020-06-19 10:53:57', 1, 0, 0),
(11, 'O4M8EP2', '123qweasd', 'Sachin Karma', 'OTY4NTgxNDc0Mw==', 'sachinkkarma@gmail.com', '5f4dcc3b5aa765d61d8327deb882cf99', 'Riya Boutique', 'RiyaBoutique.png', '265100_-_Copy1.jpg', 'm21.png', 'R1NUSU4xMjNxd2U=', 'Vm0wd2VFNUdiRmR', 'VmtaYVUxTnRWbkp', 'RiyaBoutique.png', 'RiyaBoutique.png', 'RiyaBoutique.png', '', 'Indore Railway Station, Chhoti Gwaltoli, Indore, Madhya Pradesh, India', '', '', '', '', 0, '22.71720790', '75.86841130', 'Gift,Kids,Womens', '', 1, 'AXIS', '7412589632', '415288', 'indore', 'RiyaBoutique.png', 'Sachin Karma', 'download.jpg', '2020-08-17 07:21:00', 0, '', '2020-06-22 14:45:55', '2020-06-22 07:45:55', 3, 1, 0),
(12, '3Q5R3J4D', '123321', 'ram', 'OTgyNzY0MTQ4MA==', 'ram@gmail.com', 'e10adc3949ba59abbe56e057f20f883e', 'ram store', '5.jpg', '5.jpg', '5.jpg', 'YXNkZmcyNTYzaA==', 'YXNkZmcyNTYzaGE', 'ODk3OTg3OTg3OTc', '', '', 'rj.jpg', '', 'Indore Railway Station, Chhoti Gwaltoli, Indore, Madhya Pradesh, India', '', '', '', '', 0, '22.71720790', '75.86841130', 'Mens Tshirt,Gift,Electronics,Grocery', 'Mens Tshirt', 1, 'sbi', '123456798546', 'sbin1212000', 'sni', '', 'ram verma', '', '2020-08-21 12:14:59', 0, 'as', '2020-06-29 19:33:58', '2020-06-29 12:33:58', 1, 0, 0),
(13, 'NEDTMAJBS', '987789', 'warma', 'MTIzNDU2Nzg5MA==', 'egal@gmail.com', 'e10adc3949ba59abbe56e057f20f883e', 'egale', '', '', '', 'MTIzMTIzMTIzMTIz', 'MTIzMTIzMTIz', 'MTIzMTIzMTIzMTI', '', '', '', '', 'Indore Railway Station, Chhoti Gwaltoli, Indore, Madhya Pradesh, India', '', '', '', '', 0, '22.71720790', '75.86841130', 'Mens Tshirt,Jwellery,Electronics,Grocery', '', 1, 'asdasd', '12312312312312', 'sdsdasd', 'sdasd', '', 'asdasd', '', '2020-07-04 05:38:19', 0, '', '2020-07-04 12:36:22', '2020-07-04 05:36:22', 3, 0, 0),
(14, 'CKN8KHPQ4', 'qwqwe', 'qweqw', 'YXNm', 'admain@admin.coa', 'e10adc3949ba59abbe56e057f20f883e', 'aasa', '2309_1575457647.jpg', '2309_1575452698.jpg', '2309_1575452698.jpg', 'YXNkYXM=', 'WVhOaw==', '', '', '', '2309_1575367614.jpg', '', 'Indore Railway Station, Chhoti Gwaltoli, Indore, Madhya Pradesh, India', '', '', '', '', 0, '22.71720790', '75.86841130', '', '', 2, 'asdas', 'asd', 'asd', 'asd', '', 'asdas', '', '2020-07-04 09:22:10', 0, '', '2020-07-04 16:17:47', '2020-07-04 09:17:47', 3, 0, 0),
(15, 'QOQDNQE3I', '234234', 'ssdfsdjk', 'Nzg5NDU2MTIzMA==', 'sdfsd@sdf', 'e10adc3949ba59abbe56e057f20f883e', 'dmart', 'Untitled-2.png', 'Untitled-2.png', 'logo52.png', 'MjMyMzQyMw==', 'Vmtaa2QxUnJNVVp', 'VFdwTk1FMXFUWGx', 'paytm.png', 'paytm.png', 'demo12.jpg', '', 'Indore Railway Station, Chhoti Gwaltoli, Indore, Madhya Pradesh, India', '', '', '', '', 0, '22.71720790', '75.86841130', 'furniture,Mens Tshirt,Jwellery,Gift', 'sofa,Diwali gift', 1, 'asdasd', '12123123123', '123123', 'aweqw', 'logo5.png', 'asdasd', '', '2020-07-20 13:25:49', 0, '', '2020-07-20 13:44:55', '2020-07-20 06:44:55', 3, 0, 0),
(16, 'OMB7RSNIT', 'sdfsd', 'sdfs', 'c2RzZmRm', 'sdfsdfsdfsdsdfsd@sd', 'd41d8cd98f00b204e9800998ecf8427e', 'sdfsd', '', '', '', 'c2Rmc2Q=', 'c2Rmc2Rm', 'c2Rmcw==', '', '', '', '', 'Indore Railway Station, Chhoti Gwaltoli, Indore, Madhya Pradesh, India', '', '', '', '', 0, '22.71720790', '75.86841130', '', '', 1, 'sdfsd', 'sdfsdf', 'sdfsd', '', '', 'sdfsdf', '', '2020-07-20 13:25:44', 0, '', '2020-07-20 20:25:31', '2020-07-20 13:25:31', 3, 0, 0),
(18, 'H9K6H4CJ', '12345678', 'vijay', 'OTQyNDg5MTMyMA==', 'vijaykarma@gmail.com', 'c33367701511b4f6020ec61ded352059', 'aarna fashion store', 'IMG_20180529_2150121.jpg', '265100.jpg', 'l311.png', 'MTJhYmNwazEyMzlhem0x', 'Vm1wR1lXRXhUWGx', 'Vm10YVlWVXhUblJ', 'IMG_20180529_2150121.jpg', 'IMG_20180529_2150121.jpg', 'IMG_20180529_2150121.jpg', 'IMG_20180529_2150121.jpg', 'sindhi colony indore', '', '', '', '', 0, '22.71720790', '75.86841130', 'Electronics', '', 1, 'sbi', '123456789012', 'sbi0n1234', 'iit', 'IMG_20180529_2150121.jpg', 'vijay k', 'IMG_20180529_2150121.jpg', '2020-08-21 12:14:37', 0, '', '2020-07-21 00:35:44', '2020-07-20 17:35:44', 3, 1, 0),
(44, '75107248', '816925', 'Gogooy', 'NzA2NzU4NTg5MA==', 'asd@asd.com', 'e10adc3949ba59abbe56e057f20f883e', '', '', '', '', '', '', '', '', '', '', '', 'asd', 'asd', 'sdfs', 'asd', 'sad', 457001, '', '', '', '', 0, '', '', '', '', '', '', '', '2020-08-21 12:14:31', 0, '', '0000-00-00 00:00:00', '2020-08-20 12:14:43', 3, 0, 0),
(45, '73398279', '758873', 'Ttff', 'Nzg5NjU0MTIzMA==', 'rajsolanki13@yahoo.com', 'e10adc3949ba59abbe56e057f20f883e', '', '', '', '', '', '', '', '', '', '', '', 'Asggg', 'Shhe', 'Hshs', 'Gagsh', 'Hzhs', 457001, '', '', '', '', 0, '', '', '', '', '', '', '', '2020-08-21 12:14:26', 0, '', '0000-00-00 00:00:00', '2020-08-20 15:39:05', 3, 0, 0),
(46, '04940283', '157611', 'Ttff', 'Nzg5NjU0MTIzMQ==', 'ffaf@uh', 'e10adc3949ba59abbe56e057f20f883e', '', '', '', '', '', '', '', '', '', '', '', 'Asggg', 'Shhe', 'Hshs', 'Gagsh', 'Hzhs', 457001, '', '', '', '', 0, '', '', '', '', '', '', '', '2020-08-21 12:14:25', 0, '', '0000-00-00 00:00:00', '2020-08-20 15:41:22', 3, 0, 0),
(47, '27481798', '571570', 'ramnaa', 'NzA2NzU4NTg4OA==', 'rama@gmail.com', 'e10adc3949ba59abbe56e057f20f883e', 'raman store', '', '', '', '', 'TVRJeE1qRXlNekV', 'TXpFek1qSXhNekl', '', '', '', '', 'sad', 'sd', 'sd', 'sdf', 'sd', 452001, '22.71720790', '75.86841130', '', '', 1, 'sbi', '123456', 'sbin0000387', 'indore', '', 'rssama', '', '2020-08-21 12:14:24', 0, '', '0000-00-00 00:00:00', '2020-08-21 04:24:09', 3, 0, 0),
(48, '28640256', '596685', 'Test Test', 'MDEyMzQ1Njc4OTA=', 'chitransh.mandloi@yahoo.com', 'e10adc3949ba59abbe56e057f20f883e', '', '', '', '', '', '', '', '', '', '', '', 'vgvg', 'indore', 'Madhya Pradesh', 'xyz', 'india', 452001, '', '', '', '', 0, '', '', '', '', '', '', '', '2020-08-21 12:13:50', 0, '', '0000-00-00 00:00:00', '2020-08-21 10:21:39', 3, 0, 0),
(49, '51093771', '684523', 'anshul', 'Nzk5OTg0MzcyNQ==', 'sonianshul001@gmail.com', 'e10adc3949ba59abbe56e057f20f883e', '', '', '', '', '', '', '', '', '', '', '', 'indore', 'indore', 'mp', 'team', 'india', 452001, '', '', '', '', 0, '', '', '', '', '', '', '', '2020-08-21 12:13:49', 0, '', '0000-00-00 00:00:00', '2020-08-21 10:24:38', 3, 0, 0),
(50, '00939374', '506378', 'nirbhay', 'ODk2MjMyNzQ4OA==', 'nirbhay@gmail.com', 'e10adc3949ba59abbe56e057f20f883e', '', '', '', '', '', '', '', '', '', '', '', 'indore', 'indore', 'madhya pradesh', 'itspark', 'india', 452001, '', '', '', '', 0, '', '', '', '', '', '', '', '2020-08-21 12:13:49', 0, '', '0000-00-00 00:00:00', '2020-08-21 10:29:46', 3, 0, 0),
(51, '24921596', '663136', 'sdfsdf', 'MjMyMzIzMjM0MjM0', 'sdfsd@sfsdf', '120705de7e61c5b322ad798b8ef225a7', '', '', '', '', '', '', '', '', '', '', '', 'asdasd', 'asda', 'asdasd', 'erassa', 'asd', 0, '', '', '', '', 0, '', '', '', '', '', '', '', '2020-08-21 12:13:48', 0, '', '0000-00-00 00:00:00', '2020-08-21 11:03:36', 3, 0, 0),
(52, '60939414', '293317', 'sefse', 'MjMyMzQyMzQ=', 'sdas@sdfs', '16417d1a357136d4af67070d568ede75', '', '', '', '', '', '', '', '', '', '', '', 'sdfs', 'sdfsd', 'sdfsd', 'sdfsdf', 'sdfsd', 0, '', '', '', '', 0, '', '', '', '', '', '', '', '2020-08-21 12:13:36', 0, '', '0000-00-00 00:00:00', '2020-08-21 11:22:06', 3, 0, 0),
(53, '99673143', '541188', 'sdfsd', 'ODc5ODc5ODc5', 'xdsd@sdfs', 'e10adc3949ba59abbe56e057f20f883e', '', '', '', '', '', '', '', '', '', '', '', 'sdfs', 'sdfs', 'sdsd', 'sdas', 'sdsd4', 457001, '', '', '', '', 0, '', '', '', '', '', '', '', '2020-08-21 12:13:34', 0, '', '0000-00-00 00:00:00', '2020-08-21 11:23:03', 3, 0, 0),
(54, '95373186', '131791', 'wewe', 'Nzg3ODc3OTg=', 'sdfsd@dfd', 'e10adc3949ba59abbe56e057f20f883e', '', '', '', '', '', '', '', '', '', '', '', 'sdf', 'sdvf', 'dfv', 'sdf', 'dfbv', 452001, '', '', '', '', 0, '', '', '', '', '', '', '', '2020-08-21 12:13:34', 0, '', '0000-00-00 00:00:00', '2020-08-21 11:25:43', 3, 0, 0),
(55, '26343731', '730535', 'sdfsdf', 'Nzk0NzcxOTUyMQ==', 'sdfs@sd.co', 'e10adc3949ba59abbe56e057f20f883e', '', '', '', '', '', '', '', '', '', '', '', 'sdf', 'sdf', 'sdf', 'sdfsd', 'sdf', 457001, '', '', '', '', 0, '', '', '', '', '', '', '', '2020-08-21 12:13:33', 0, '', '0000-00-00 00:00:00', '2020-08-21 11:28:27', 3, 0, 0),
(56, '13849102', '616129', 'szdfsdf', 'Nzg3OTg3OTc4Nw==', 'sdfsd@sdfsd', 'e10adc3949ba59abbe56e057f20f883e', '', '', '', '', '', '', '', '', '', '', '', 'sdfs', 'sd', 'sdf', '1sdsd', 'sd', 0, '', '', '', '', 0, '', '', '', '', '', '', '', '2020-08-21 12:13:33', 0, '', '0000-00-00 00:00:00', '2020-08-21 11:33:37', 3, 0, 0),
(57, '61041584', '457140', 'sdfsdf', 'MzIzMjM0MjM=', 'asdasd@sfsd', 'e10adc3949ba59abbe56e057f20f883e', '', '', '', '', '', '', '', '', '', '', '', 'sdfsd', 'sdfsd', 'sdfsd', 'sdfsdf', 'sfdgsd', 0, '', '', '', '', 0, '', '', '', '', '', '', '', '2020-08-21 12:13:32', 0, '', '0000-00-00 00:00:00', '2020-08-21 11:35:58', 3, 0, 0),
(58, '36338057', '302365', 'afas', 'Nzk3NDQxOTUyMg==', 'asda@zdfd', 'e10adc3949ba59abbe56e057f20f883e', '', '', '', '', '', '', '', '', '', '', '', 'sdf', 'sd', 'dsfv', 'asd', 'f', 452001, '', '', '', '', 0, '', '', '', '', '', '', '', '2020-08-21 12:13:32', 0, '', '0000-00-00 00:00:00', '2020-08-21 12:08:04', 3, 0, 0),
(59, '98036223', '285075', 'rahul', 'Nzk3NDQxOTUy', 'asd@zsdf', 'e10adc3949ba59abbe56e057f20f883e', '', '', '', '', '', '', '', '', '', '', '', 'sdf', 'sdd', 'sdfd', 'sdd', 'sdd', 452001, '', '', '', '', 0, '', '', '', '', '', '', '', '2020-08-21 12:17:00', 0, '', '0000-00-00 00:00:00', '2020-08-21 12:15:54', 3, 0, 0),
(60, '36596553', '463528', 'asdas', 'Nzk3NDQxOTUyNQ==', 'sdfd@sd', 'e10adc3949ba59abbe56e057f20f883e', '', '', '', '', '', '', '', '', '', '', '', 'fd', 'sd', 'df', 'dsfsd', 'sddfd', 452001, '', '', '', '', 0, '', '', '', '', '', '', '', '2020-08-21 12:27:31', 0, '', '0000-00-00 00:00:00', '2020-08-21 12:26:33', 3, 0, 0),
(61, '79688322', '280802', 'werw', 'Nzg5Nzk4Nzk4NA==', 'asds@sdf', 'e10adc3949ba59abbe56e057f20f883e', '', '', '', '', '', '', '', '', '', '', '', 'df', 'dfg', 'dfg', 'sd', 'fdg', 452001, '', '', '', '', 0, '', '', '', '', '', '', '', '2020-08-22 07:15:44', 0, '', '0000-00-00 00:00:00', '2020-08-22 07:15:44', 1, 0, 0),
(62, '39649752', '651917', 'rahul', 'MzIxMTIzMzIxMQ==', 'rfdt@gmail.com', 'e10adc3949ba59abbe56e057f20f883e', '', '', '', '', '', '', '', '', '', '', '', 'indore', 'indore', 'mp', 'indore', 'indore', 452001, '', '', '', '', 0, '', '', '', '', '', '', '', '2020-08-22 07:18:10', 0, '', '0000-00-00 00:00:00', '2020-08-22 07:18:10', 1, 0, 0),
(63, 'FO8IL6A0', 'xvsd', 'ss', 'MjM0MjM0MjM0MjM0', 'sdf@sdgsd', 'e10adc3949ba59abbe56e057f20f883e', 'sdfsdf', '', '', '', 'MjMyMzIzNDIz', 'c2Rmc2Rm', 'eHZ4c2Q=', '', '', '', '', 'Indore Railway Station, Chhoti Gwaltoli, Indore, Madhya Pradesh, India', '', '', '', '', 0, '22.71720790', '75.86841130', 'WOMEN,HOME & KITCHEN', 'New year gift', 2, 'sdfsdf', '2345234234234', 'sbin0000387', 'sdfsd', '', 'sdfsd', '', '2020-08-22 07:32:06', 0, '', '2020-08-22 14:32:06', '2020-08-22 07:32:06', 1, 0, 0),
(64, '56383547', '608190', 'Rajat', 'Nzk3NDQxOTUyNw==', 'sdf@sdf', 'e10adc3949ba59abbe56e057f20f883e', 'Rajat store', '', '', '', '', 'MjM0MjIzNDIzNA=', 'MjM0MjM0MjM0', '', '', '', '', 'sdf', 'sdf', 'sdfg', 'sdf', 'sdf', 452001, '22.71720790', '75.86841130', 'MEN,WOMEN,HOME & KITCHEN,APPLIANCES', 'Blouse,Diwali gift,New year gift', 1, 'serserser', '234234234', 'erwesr', '23423', '', '234234', '', '2020-08-22 08:51:18', 0, '', '0000-00-00 00:00:00', '2020-08-22 08:49:57', 1, 0, 0),
(65, '06808632', '963134', 'vishal ', 'OTA5MDkwOTA5MA==', 'vishal.sharma@gmail.com', 'e10adc3949ba59abbe56e057f20f883e', 'itit', '1.jpg', '1.jpg', '1.jpg', '', 'MjQ1NDM2NTQ3NjQ', 'NDIzODkxNzY1MjQ', '1.jpg', '0.png', '1.jpg', '', 'indore', 'indore', 'mp', 'itit', 'india', 452001, '22.71720790', '75.86841130', 'WOMEN,HOME & KITCHEN,SPORTS & MORE', '', 1, 'hdfc', '002398309483094', 'hdfc720971', 'indore', '', 'vishal', '1.jpg', '2020-08-24 10:45:38', 0, '', '0000-00-00 00:00:00', '2020-08-24 10:42:18', 1, 0, 0);

-- --------------------------------------------------------

--
-- Table structure for table `shop_types`
--

CREATE TABLE `shop_types` (
  `shop_type_id` int(11) NOT NULL,
  `shop_type_name` varchar(150) NOT NULL
) ENGINE=InnoDB DEFAULT CHARSET=utf8;

--
-- Dumping data for table `shop_types`
--

INSERT INTO `shop_types` (`shop_type_id`, `shop_type_name`) VALUES
(1, 'Individual'),
(2, 'Registerd Shop');

-- --------------------------------------------------------

--
-- Table structure for table `support_message`
--

CREATE TABLE `support_message` (
  `message_id` int(11) NOT NULL,
  `ticket_id` int(11) NOT NULL,
  `message` varchar(255) NOT NULL,
  `to_id` int(11) NOT NULL,
  `from_id` int(11) NOT NULL,
  `user_type` enum('shop','customer','deliveryboy','admin') NOT NULL,
  `create_date` datetime NOT NULL DEFAULT CURRENT_TIMESTAMP ON UPDATE CURRENT_TIMESTAMP
) ENGINE=InnoDB DEFAULT CHARSET=utf8;

--
-- Dumping data for table `support_message`
--

INSERT INTO `support_message` (`message_id`, `ticket_id`, `message`, `to_id`, `from_id`, `user_type`, `create_date`) VALUES
(1, 138, 'hello', 1, 13, 'customer', '2020-02-07 13:27:35'),
(2, 138, 'xczxczv', 1, 13, 'customer', '2020-02-07 13:33:12'),
(3, 138, 'zxcxzcxzc', 13, 1, 'admin', '2020-02-07 14:17:45'),
(4, 138, 'dfsdf', 13, 1, 'admin', '2020-02-07 14:19:00'),
(5, 138, 'dfsdf', 13, 1, 'admin', '2020-02-07 14:19:04'),
(6, 138, 'szxfsdf', 13, 1, 'admin', '2020-02-07 14:19:44'),
(7, 139, 'rtyr', 1, 14, 'deliveryboy', '2020-02-06 00:00:00'),
(8, 138, 'sds', 1, 13, 'customer', '2020-02-08 04:53:02'),
(9, 138, 'sds', 1, 13, 'customer', '2020-02-08 04:53:05'),
(10, 138, 'Wake', 1, 13, 'customer', '2020-02-08 04:55:51'),
(11, 138, 'Wake', 1, 13, 'customer', '2020-02-08 04:56:05'),
(12, 138, 'Wake', 1, 13, 'customer', '2020-02-08 04:56:08'),
(13, 138, 'All', 1, 13, 'customer', '2020-02-08 04:57:27'),
(14, 138, 'as', 1, 13, 'customer', '2020-02-08 05:06:47'),
(0, 0, 'Hi how are you', 1, 4, 'customer', '2020-02-08 09:57:58'),
(0, 0, 'Hi how are you', 1, 4, 'customer', '2020-02-08 09:58:06'),
(0, 0, 'Hi how are you', 1, 4, 'customer', '2020-02-08 09:58:24'),
(0, 0, 'dxfgfd', 1, 4, 'customer', '2020-02-08 09:59:41'),
(0, 0, 'dfdsfdf', 1, 4, 'customer', '2020-02-08 10:00:20'),
(0, 0, 'dfdsf', 1, 4, 'customer', '2020-02-08 10:00:47'),
(0, 0, 'sdfsdf', 1, 4, 'customer', '2020-02-08 10:02:33'),
(0, 0, 'sdsdf', 1, 4, 'customer', '2020-02-08 10:09:17'),
(0, 0, 'Hi how are you', 1, 4, 'customer', '2020-02-08 10:10:03'),
(0, 0, 'Hi how are you', 1, 4, 'customer', '2020-02-08 10:19:48'),
(0, 0, 'df', 1, 4, 'customer', '2020-02-08 10:21:59'),
(0, 0, 'fg', 1, 4, 'customer', '2020-02-08 10:22:43'),
(0, 0, 'fg', 1, 4, 'customer', '2020-02-08 10:23:02'),
(0, 0, 'sdfsdf', 1, 4, 'customer', '2020-02-08 10:23:19'),
(0, 0, 'sdf', 1, 4, 'customer', '2020-02-10 07:01:42'),
(0, 0, 's', 1, 4, 'customer', '2020-02-10 07:01:48'),
(0, 0, 's sdf', 1, 4, 'customer', '2020-02-10 07:01:51'),
(0, 1, 'Hi how are you', 1, 4, 'customer', '2020-02-14 13:35:01'),
(0, 1, 'Hi how are you', 1, 4, 'customer', '2020-02-14 13:35:07'),
(0, 1, 'Hi how are you', 1, 4, 'customer', '2020-02-14 13:35:11'),
(0, 1, 'Hi how are you', 1, 4, 'customer', '2020-02-14 13:35:12'),
(0, 1, 'Hi how are you', 1, 4, 'customer', '2020-02-14 13:35:13'),
(0, 1, 'Hi how are you', 1, 4, 'customer', '2020-02-14 13:35:13'),
(0, 1, 'Hi how are you', 1, 4, 'customer', '2020-02-14 13:35:13'),
(0, 1, 'Hi how are you', 1, 4, 'customer', '2020-02-14 13:35:14'),
(0, 1, 'rrtgrg', 1, 13, 'customer', '2020-06-25 14:14:31'),
(0, 1, 'rrtgrg', 1, 13, 'customer', '2020-06-25 14:14:33'),
(0, 1, 'rrtgrgrgferpgr', 1, 13, 'customer', '2020-06-25 14:14:35'),
(0, 1, 'HI', 1, 4, 'customer', '2020-06-30 10:49:40'),
(0, 1, 'How are you?', 1, 4, 'customer', '2020-06-30 10:49:48'),
(0, 1, 'fffff', 4, 1, 'admin', '2020-07-21 08:57:41');

-- --------------------------------------------------------

--
-- Table structure for table `support_ticket`
--

CREATE TABLE `support_ticket` (
  `ticket_id` int(11) NOT NULL,
  `user_id` int(11) NOT NULL,
  `user_type` enum('shop','customer','deliveryboy') NOT NULL,
  `query` varchar(500) NOT NULL,
  `create_date` datetime NOT NULL,
  `close_date` datetime NOT NULL,
  `status` enum('open','close') NOT NULL,
  `ticket_reg_id` varchar(50) NOT NULL
) ENGINE=InnoDB DEFAULT CHARSET=utf8;

--
-- Dumping data for table `support_ticket`
--

INSERT INTO `support_ticket` (`ticket_id`, `user_id`, `user_type`, `query`, `create_date`, `close_date`, `status`, `ticket_reg_id`) VALUES
(1, 4, 'customer', 'Hello ,  How can i order', '2020-02-14 13:34:40', '0000-00-00 00:00:00', 'open', 'ES20201'),
(2, 0, 'shop', 'Demo Demo', '2020-06-19 11:54:41', '0000-00-00 00:00:00', 'open', 'ES20202');

-- --------------------------------------------------------

--
-- Table structure for table `testimonial`
--

CREATE TABLE `testimonial` (
  `id` int(11) NOT NULL,
  `name` varchar(255) NOT NULL,
  `image` varchar(250) NOT NULL,
  `description` varchar(255) NOT NULL,
  `status` tinyint(4) NOT NULL,
  `create_date` datetime NOT NULL
) ENGINE=InnoDB DEFAULT CHARSET=utf8;

--
-- Dumping data for table `testimonial`
--

INSERT INTO `testimonial` (`id`, `name`, `image`, `description`, `status`, `create_date`) VALUES
(5, 'Ramesh Singh', 'client-3.jpg', 'It is my pleasure to provide a rave review for Exotica Infotech Media. From my first conversation with Adam I knew they were the right website design company for us. The whole team was incredibly attentive and responsivethey', 0, '2020-02-28 01:06:49'),
(6, 'Suresh patel', 'client-1.jpg', 'It is my pleasure to provide a rave review for Exotica Infotech Media. From my first conversation with Adam I knew they were the right website design company for us. The whole team was incredibly attentive and responsivethey', 0, '2020-02-28 01:07:18'),
(7, 'Gopal', 'defaultuserimg.jpg', 'It is my pleasure to provide a rave review for Exotica Infotech Media. From my first conversation with Adam I knew they were the right website design company for us. The whole team was incredibly attentive and responsivethey', 0, '2020-02-28 01:07:42'),
(8, 'Ramesh', 'defaultuserimg1.jpg', 'It is my pleasure to provide a rave review for Exotica Infotech Media. From my first conversation with Adam I knew they were the right website design company for us. The whole team was incredibly attentive and responsivethey', 0, '2020-02-28 01:08:03');

-- --------------------------------------------------------

--
-- Table structure for table `users`
--

CREATE TABLE `users` (
  `id` int(11) NOT NULL,
  `reg_id` varchar(250) NOT NULL,
  `first_name` varchar(250) NOT NULL,
  `last_name` varchar(250) NOT NULL,
  `email` varchar(250) NOT NULL,
  `password` varchar(250) NOT NULL,
  `show_password` varchar(250) NOT NULL,
  `mobile_no` bigint(20) NOT NULL,
  `image` varchar(250) NOT NULL,
  `house_no` varchar(250) NOT NULL,
  `address` text NOT NULL,
  `country_isd_code` int(11) NOT NULL DEFAULT '91',
  `zipcode` int(11) NOT NULL,
  `latitude` varchar(250) NOT NULL,
  `longitude` varchar(250) NOT NULL,
  `device_id` varchar(250) NOT NULL COMMENT '1="android" 2="ios"',
  `device_type` varchar(250) NOT NULL,
  `fcm_token` text NOT NULL,
  `status` int(11) NOT NULL DEFAULT '1' COMMENT '0="Deactive" 1="Active" 3="Delete"',
  `create_date` datetime NOT NULL,
  `modify_date` timestamp NOT NULL DEFAULT CURRENT_TIMESTAMP,
  `area_id` int(11) NOT NULL
) ENGINE=InnoDB DEFAULT CHARSET=utf8;

--
-- Dumping data for table `users`
--

INSERT INTO `users` (`id`, `reg_id`, `first_name`, `last_name`, `email`, `password`, `show_password`, `mobile_no`, `image`, `house_no`, `address`, `country_isd_code`, `zipcode`, `latitude`, `longitude`, `device_id`, `device_type`, `fcm_token`, `status`, `create_date`, `modify_date`, `area_id`) VALUES
(1, '5NOFODKHL', 'nirbhay gander', '', 'admin@admin.com', 'e10adc3949ba59abbe56e057f20f883e', '123456', 8962327489, 'parraback1.jpg', '', '155,vijay nagar indore, 155,vijay nagar indore', 91, 452001, '', '', '', '', '', 3, '2019-10-24 11:50:34', '2019-10-24 09:50:34', 4),
(2, 'B46O59JCM', 'nirbhay', '', 'admin@admin.com', 'e10adc3949ba59abbe56e057f20f883e', '123456', 896232747, 'logo12.png', '', '155,vijay nagar indore, 155,vijay nagar indore', 91, 452001, '22.71720790', '75.86841130', '', '', '', 0, '2019-10-24 14:50:48', '2019-10-24 12:50:48', 0),
(3, 'HKA9HFBR', 'Nirbhay', 'd', 'nirbhay.espsofttech1@gmail.com', 'e10adc3949ba59abbe56e057f20f883e', '123456', 741852963, 'logo_gif21.gif', '', '155,vijay nagar indore, 155,vijay nagar indore', 91, 452001, '22.71720790', '75.86841130', '', '', '', 1, '2019-10-29 14:05:05', '2019-10-29 13:05:05', 4),
(4, 'M6GM9LLI', 'nirbhay', 'gander', 'nirbhay.espsofttech@gmail.com', 'e10adc3949ba59abbe56e057f20f883e', '123456', 8962327488, 'imgpsh_fullsize_anim_(1).png', '', '155,vijay nagar indore, 155,vijay nagar indore', 91, 452001, '22.71720790', '75.86841130', '', '', '', 1, '2019-10-29 14:06:33', '2019-10-29 13:06:33', 0),
(5, '45454545', 'nirbhay', 'gander', '', 'e10adc3949ba59abbe56e057f20f883e', '', 8962327456, '', '', '', 91, 0, '', '', '', '', '', 0, '2019-11-26 12:31:05', '2019-11-26 11:31:05', 0),
(9, 'ES9', 'Nirbhay', 'Gander', '', 'e10adc3949ba59abbe56e057f20f883e', '', 8962321596, '', '', '', 91, 0, '', '', '', '', '', 1, '2019-11-26 12:41:41', '2019-11-26 11:41:41', 0),
(10, 'ES10', 'Nirbhay', 'Gander', '', 'e10adc3949ba59abbe56e057f20f883e', '', 8962327415, '', '', '', 91, 0, '', '', '', '', '', 1, '2019-11-26 13:12:35', '2019-11-26 12:12:35', 0),
(11, '6NC39LLN', 'de', '', 'admin@admin.com', 'e10adc3949ba59abbe56e057f20f883e', '123456', 896232748, '', '', '155,vijay nagar indore, 155,vijay nagar indore', 91, 452001, '22.71720790', '75.86841130', '', '', '', 1, '2019-12-13 07:51:00', '2019-12-13 06:51:00', 0),
(12, 'ES12', 'nirbhaydf', 'gander', 'admin@admin.com', 'e10adc3949ba59abbe56e057f20f883e', '123456', 7418529632, '', '', 'Indore Railway Station, Chhoti Gwaltoli, Indore, Madhya Pradesh, Indi', 91, 452001, '22.71720790', '75.86841130', '', '', '', 1, '2019-12-13 13:44:23', '2019-12-13 12:44:23', 0),
(13, '3QG84H9B', 'Test name', 'test last name', 'sachinkkarma@gmail.com', 'e10adc3949ba59abbe56e057f20f883e', '123456', 9685814743, '2.png', '', 'Indore Railway Station, Chhoti Gwaltoli, Indore, Madhya Pradesh, Indi', 91, 452001, '22.71720790', '75.86841130', '', '', '', 1, '2020-06-22 09:31:10', '2020-06-22 09:31:10', 1),
(14, 'ES14', 'rahul', 'solanki', 'rahul@gmail.com', 'e10adc3949ba59abbe56e057f20f883e', '', 7974419521, '17375_15929006072.jpg', '', 'indore', 91, 452001, '', '', '', '', '', 1, '2020-06-24 12:27:01', '2020-06-24 12:27:01', 0),
(15, 'ES15', 'vk', 'karma', '', 'e10adc3949ba59abbe56e057f20f883e', '', 9424891320, '', '', '', 91, 0, '', '', '', '', '', 3, '2020-07-20 06:39:00', '2020-07-20 06:39:00', 0),
(16, 'ES16', 'vijay', 'karma', 'vijaykarma@yahoo.com', 'e10adc3949ba59abbe56e057f20f883e', '', 8770151892, '', '', 'iet davv khandwa road indore', 91, 452001, '', '', '', '', '', 1, '2020-07-20 06:57:25', '2020-07-20 06:57:25', 0),
(17, 'ES17', 'vijay', 'sir', '', 'e10adc3949ba59abbe56e057f20f883e', '', 9589163694, '', '', '', 91, 0, '', '', '', '', '', 1, '2020-07-20 13:23:28', '2020-07-20 13:23:28', 0),
(18, 'ES18', 'rajat', 'sharma', '', 'e10adc3949ba59abbe56e057f20f883e', '', 9827641481, '', '', '', 91, 0, '', '', '', '', '', 1, '2020-07-20 18:14:51', '2020-07-20 18:14:51', 0),
(19, 'ES19', 'rajat', 'ashh', '', 'e10adc3949ba59abbe56e057f20f883e', '', 9827641482, '', '', '', 91, 0, '', '', '', '', '', 1, '2020-07-20 18:16:34', '2020-07-20 18:16:34', 0),
(20, 'ES20', 'asdfas', 'asdasd', '', 'e10adc3949ba59abbe56e057f20f883e', '', 9827641483, '', '', '', 91, 0, '', '', '', '', '', 1, '2020-07-20 18:18:08', '2020-07-20 18:18:08', 0),
(21, 'ES21', 'sdfs', 'sdfs', '', 'e10adc3949ba59abbe56e057f20f883e', '', 9827641485, '', '', '', 91, 0, '', '', '', '', '', 1, '2020-07-21 03:20:43', '2020-07-21 03:20:43', 0),
(22, 'ES22', 'Nirbhay', 'gander', '', 'e10adc3949ba59abbe56e057f20f883e', '', 8488088893, '', '', '', 91, 0, '', '', '', '', '', 1, '2020-07-21 07:45:05', '2020-07-21 07:45:05', 0),
(23, 'ES23', 'gn', 'h', '', 'e10adc3949ba59abbe56e057f20f883e', '', 7412589635, '', '', '', 91, 0, '', '', '', '', '', 1, '2020-07-21 07:52:49', '2020-07-21 07:52:49', 0),
(24, 'ES24', 'ng', 'demo', '', 'e10adc3949ba59abbe56e057f20f883e', '', 7412589632, '', '', '', 91, 0, '', '', '', '', '', 1, '2020-07-22 06:25:17', '2020-07-22 06:25:17', 0),
(25, 'ES25', 'sdsd', 'sdsd', '', 'e10adc3949ba59abbe56e057f20f883e', '', 7974419522, '', '', '', 91, 0, '', '', '', '', '', 1, '2020-07-22 10:50:09', '2020-07-22 10:50:09', 0),
(26, 'ES26', 'nirbhay', 'g2', '', 'e10adc3949ba59abbe56e057f20f883e', '', 85236974458, '', '', '', 91, 0, '', '', '', '', '', 1, '2020-07-22 13:00:17', '2020-07-22 13:00:17', 0),
(27, 'ES27', 'demo', 'demog', '', 'e10adc3949ba59abbe56e057f20f883e', '', 1598741235, '', '', '', 91, 0, '', '', '', '', '', 1, '2020-07-22 13:09:10', '2020-07-22 13:09:10', 0),
(28, 'ES28', 'dw', 'sdsd', '', 'e10adc3949ba59abbe56e057f20f883e', '', 7974419524, '', '', '', 91, 0, '', '', '', '', '', 1, '2020-07-22 13:17:26', '2020-07-22 13:17:26', 0),
(29, 'ES29', 'rtm', 'rtm2', '', 'e10adc3949ba59abbe56e057f20f883e', '', 4563217896, '', '', '', 91, 0, '', '', '', '', '', 1, '2020-07-22 13:23:59', '2020-07-22 13:23:59', 0),
(30, 'ES30', 'asdasd', 'asdas', '', 'e10adc3949ba59abbe56e057f20f883e', '', 7974419526, '', '', '', 91, 0, '', '', '', '', '', 1, '2020-07-22 13:24:53', '2020-07-22 13:24:53', 0),
(31, 'ES31', 'ert', 'gm', '', 'e10adc3949ba59abbe56e057f20f883e', '', 8963257412, '', '', '', 91, 0, '', '', '', '', '', 1, '2020-07-22 13:25:20', '2020-07-22 13:25:20', 0),
(32, 'ES32', 'sds', 'sdd', '', 'e10adc3949ba59abbe56e057f20f883e', '', 7974419528, '', '', '', 91, 0, '', '', '', '', '', 1, '2020-07-22 13:38:56', '2020-07-22 13:38:56', 0),
(33, 'ES33', 'ngk', 'kk', '', 'e10adc3949ba59abbe56e057f20f883e', '', 456328965, '', '', '', 91, 0, '', '', '', '', '', 1, '2020-07-22 13:39:03', '2020-07-22 13:39:03', 0),
(34, 'ES34', 'gth', 'th', '', 'e10adc3949ba59abbe56e057f20f883e', '', 12365478945, '', '', '', 91, 0, '', '', '', '', '', 1, '2020-07-22 13:56:29', '2020-07-22 13:56:29', 0),
(35, 'ES35', 'as', 'asas', '', 'e10adc3949ba59abbe56e057f20f883e', '', 7974419531, '', '', '', 91, 0, '', '', '', '', '', 1, '2020-07-27 08:18:19', '2020-07-27 08:18:19', 0),
(36, 'ES36', 'asfsa', 'asdd', '', 'e10adc3949ba59abbe56e057f20f883e', '', 7974419532, '', '', '', 91, 0, '', '', '', '', '', 1, '2020-07-27 10:15:26', '2020-07-27 10:15:26', 0),
(37, 'ES37', 'aasa', 'asas', '', 'e10adc3949ba59abbe56e057f20f883e', '', 7987894561, '', '', '', 91, 0, '', '', '', '', '', 1, '2020-08-12 12:23:01', '2020-08-12 12:23:01', 0),
(38, 'ES38', 'vinay', 'kumar', '', 'e7d48fa49d0a3cc1de3c9f799a723481', '', 8770372358, '', '', '', 91, 0, '', '', '', '', '', 1, '2020-08-15 09:06:28', '2020-08-15 09:06:28', 0),
(39, 'ES39', 'Krishna', 'Gopal', '', '670b14728ad9902aecba32e22fa4f6bd', '', 8770400610, '', '', '', 91, 0, '', '', '', '', '', 1, '2020-08-15 09:08:21', '2020-08-15 09:08:21', 0),
(40, 'ES40', 'chitransh', 'mandloi', '', '827ccb0eea8a706c4c34a16891f84e7b', '', 8770722257, '', '', '', 91, 0, '', '', '', '', '', 0, '2020-08-15 14:14:55', '2020-08-15 14:14:55', 0);

-- --------------------------------------------------------

--
-- Table structure for table `user_agreement`
--

CREATE TABLE `user_agreement` (
  `id` int(11) NOT NULL,
  `title` longtext CHARACTER SET utf8 NOT NULL,
  `editor1` longtext CHARACTER SET utf8 NOT NULL,
  `create_date` date NOT NULL
) ENGINE=MyISAM DEFAULT CHARSET=latin1;

--
-- Dumping data for table `user_agreement`
--

INSERT INTO `user_agreement` (`id`, `title`, `editor1`, `create_date`) VALUES
(1, 'User Agreement', '<p style=\"text-align:justify\"><span style=\"font-size:14px\"><span style=\"font-family:Calibri,sans-serif\"><strong><span style=\"font-family:&quot;Arial&quot;,sans-serif\"><span style=\"color:#555555\">This document is an electronic record in terms of the Information Technology Act, 2000 and rules made there under as applicable and the amended provisions pertaining to electronic records in various statutes as amended by the Information Technology Act, 2000. This electronic record is generated by a computer system and does not require any physical or digital signatures.</span></span></strong><br />\r\n<br />\r\n<strong><span style=\"font-family:&quot;Arial&quot;,sans-serif\"><span style=\"color:#555555\">This document is published in accordance with the provisions of Rule 3 (1) of the Information Technology (Intermediaries guidelines) Rules, 2011 that require publishing the rules and regulations, privacy policy and user agreement for access or usage of&nbsp;</span></span></strong><strong><span style=\"font-family:&quot;Arial&quot;,sans-serif\"><span style=\"color:#24a3b5\"><a href=\"http://www.Indocliq.in\" style=\"color:blue; text-decoration:underline\" target=\"_blank\"><span style=\"color:#24a3b5\">www.Indocliq</span></a></span></span></strong><strong><span style=\"font-family:&quot;Arial&quot;,sans-serif\"><span style=\"color:#555555\">&nbsp;website.</span></span></strong></span></span></p>\r\n\r\n<p style=\"text-align:justify\"><span style=\"font-size:14px\"><span style=\"font-family:Calibri,sans-serif\"><span style=\"font-family:&quot;Arial&quot;,sans-serif\"><span style=\"color:#555555\">Your use of the Indocliq website {including </span></span><span style=\"color:blue\"><u><span style=\"font-family:&quot;Arial&quot;,sans-serif\"><a href=\"http://www.Indocliq.com\" style=\"color:blue; text-decoration:underline\">www.Indocliq</a></span></u></span><span style=\"font-family:&quot;Arial&quot;,sans-serif\"><span style=\"color:#555555\"> and </span></span><span style=\"color:blue\"><u><span style=\"font-family:&quot;Arial&quot;,sans-serif\"><a href=\"http://www.indocliq.in\" style=\"color:blue; text-decoration:underline\">www.indocliq.in</a></span></u></span><span style=\"font-family:&quot;Arial&quot;,sans-serif\"><span style=\"color:#555555\"> including mobile application (hereinafter collectively referred to as the &quot;Website&quot;) and its related sites, services and tools is governed by the terms and conditions as contained in this Agreement applicable to the Website and for other websites of Flying Fox Tradecom Private Limited and our subsidiaries and international affiliates. This User Agreement for the Website shall come into effect on 00:00 hours, Indian Standard Time 30<sup>th</sup> August, 2020 (&quot;User Agreement&quot;). Indocliq is an internet E-commerce based portal operated by Flying Fox Tradecom Private Limited; a company incorporated under Companies Act, 2013 (18 of 2013) having its registered office at Flying Fox Tradecom Pvt. Ltd, 60/6 Azad Nagar, Dewas Road, Ujjain (MP)-456001. India. For the purpose of this User Agreement, Registered User / Guest User and wherever the context so requires, &#39;&quot;You&quot;, &quot;Your&quot; shall mean any natural or legal person who is accessing the Website, its contents and using the services offered on or through the Website and has agreed to become a member of the Website by providing Registration Data (as defined hereinafter) while registering on the Website as a Registered User / Guest User using the digital systems of the Website and accepted this electronic version / electronic record of the User Agreement and has allocated himself/herself a unique identification user name (&quot;User ID&quot; and &quot;Password&quot;) to become a Registered User or has been identified as Guest User by providing phone number and email id. Further, reference to &quot;we&quot;, &quot;us&quot;, &quot;our&quot; and &quot;Indocliq&quot; shall mean Flying Fox Tradecom Private Limited (Indocliq) and includes its associates, affiliates and subsidiary (ies).<br />\r\n<br />\r\nThe use of the Website is offered to you conditioned upon Your &#39;Acceptance&#39; of all the terms, conditions and notices contained in this User Agreement. Upon &quot;Acceptance&quot;, this User Agreement shall be effective and binding upon you along with any amendments made by Indocliq at its sole discretion and posted on the Website and you shall not claim invalidity of this User Agreement merely on the grounds that this User Agreement is being documented concluded electronically. For the aforesaid purposes, &#39;Acceptance&#39; shall mean Your affirmative action byin clicking on the &#39;check box&#39; and on the &#39;continue&#39; button&#39; as provided on the registration page or clicking on &#39;Buy Now&#39; button while transacting as a Guest User or any act which reflects Your use of the Website or the services provided by the Website or any such other actions that imply Your acceptance to the present electronic document. You hereby further agree that this User Agreement is being concluded and executed at Ujjain. Your use of the Website implies that you agree with the terms of the User Agreement. If you do not agree or are not willing to be bound by the terms and conditions of this User Agreement and Rules and Policies as displayed on the Website, please doyou may choose to not click on the &quot;check box &quot; and/or on the &quot;continue&quot; button and/or &quot;Buy Now&quot; button and not seek to obtain access to or otherwise use the Website.</span></span></span><br />\r\n<br />\r\n<span style=\"font-family:Calibri,sans-serif\"><span style=\"font-family:&quot;montserratregular&quot;,serif\"><span style=\"color:black\">Amendments:</span></span><br />\r\n<span style=\"font-family:&quot;Arial&quot;,sans-serif\"><span style=\"color:#555555\">When you use any of the services provided by us through the Website, including but not limited to Product Reviews, Seller Reviews etc., you will be subject to the rules, guidelines, policies, terms, and conditions applicable to such services, and they shall be deemed to be incorporated into this User Agreement and shall be considered as part and parcel of this User Agreement. We reserve the right, at our sole discretion, to change, modify, add or remove portions of the User Agreement, at any time without any prior written notice/intimation to you. It is Your responsibility to review this User Agreement periodically for any updates / changes. Your continued use of the Website following subsequent to the posting of updates/changes shall mean that you accept and agree to the revisions. As long as you comply with the provisions of this Agreement, we grant you a personal, non-exclusive, non-transferable, limited privilege to enter and use the Website.<br />\r\n<br />\r\nBy accepting this User Agreement, you also accept and agree to be bound by Indocliq Rules Policies and Policies Rules as provided from time to time in the following hyperlinks:<br />\r\n1. Indocliq&nbsp;</span><span style=\"color:#24a3b5\"><a href=\"http://indocliq.in/privacy_policy\" style=\"color:blue; text-decoration:underline\" target=\"_blank\"><span style=\"color:#24a3b5\">Policies &amp; Rules</span></a></span><span style=\"color:#555555\">.<br />\r\n2. Indocliq&nbsp;</span><span style=\"color:#24a3b5\"><a href=\"http://indocliq.in/privacy_policy\" style=\"color:blue; text-decoration:underline\" target=\"_blank\"><span style=\"color:#24a3b5\">Privacy Policy</span></a></span><span style=\"color:#555555\">.</span></span><br />\r\n<br />\r\n<span style=\"font-family:&quot;montserratregular&quot;,serif\"><span style=\"color:black\">1. Membership Eligibility</span></span><br />\r\n<span style=\"font-family:&quot;Arial&quot;,sans-serif\"><span style=\"color:#555555\">Use of the Website is available only to persons who can perform legally binding contracts under Indian Contract Act, 1872. Persons who are &quot;incompetent to contract&quot; within the meaning of the Indian Contract Act, 1872 including minors, un-discharged insolvents etc. are not eligible to use the Website. If you are a minor i.e. under the age of 18 years, you shall not register as a member of the Website and shall not sell, purchase or bid for any items on the Website except through Your legal guardian or parents who have registered as users on the Website or can use the Website as a Guest User. Indocliq reserves the right to terminate Your membership and refuse to provide you with access to the Website if it is brought to our notice or if it is discovered that you are under the age of 18 years.</span></span><br />\r\n<br />\r\n<strong><span style=\"font-family:&quot;Arial&quot;,sans-serif\"><span style=\"color:#555555\">Business entity registration:</span></span></strong><span style=\"font-family:&quot;Arial&quot;,sans-serif\"><span style=\"color:#555555\">&nbsp;If you are registering as a business entity, you represent that you are duly authorized to accept this User Agreement and you have the authority to bind Your business/legal entity to this User Agreement.</span></span><br />\r\n<br />\r\n<strong><span style=\"font-family:&quot;Arial&quot;,sans-serif\"><span style=\"color:#555555\">Guest User:</span></span></strong><span style=\"font-family:&quot;Arial&quot;,sans-serif\"><span style=\"color:#555555\">If you are transacting as a Guest User, you shall not be allowed to list/ sell products or services on Website and there could be certain additional restrictions on you as a Guest User for Your purchase and the other functionality of the Website available to you. As a Guest User, Buyer will not be eligible for Cliqs Bucks and all other benefits that are not assignable to a non-registered user.</span></span><br />\r\n<br />\r\n<span style=\"font-family:&quot;montserratregular&quot;,serif\"><span style=\"color:black\">2. Your Account and Registration Obligations</span></span><br />\r\n<span style=\"font-family:&quot;Arial&quot;,sans-serif\"><span style=\"color:#555555\">If you use the Website as a Registered User, you are responsible for maintaining the confidentiality of Your User ID and Password. If you use the Website as a Guest User, you are responsible for maintaining the confidentiality of Your email ID and phone number and restricting access to Your computer, computer system and computer network. You are responsible for all activities that occur under Your User ID and Password (if registered) or email ID and phone number (if Guest User) as the case may be. Also as a Guest User, you shall ensure the physical security and possession of Your device, the details of which are used to transact services with Indocliq. You agree, inter alia, to:</span></span></span></span></p>\r\n\r\n<ol style=\"list-style-type:lower-roman\">\r\n	<li style=\"text-align: justify;\"><span style=\"font-size:14px\"><span style=\"color:#555555\"><span style=\"font-family:Calibri,sans-serif\"><span style=\"font-family:&quot;Arial&quot;,sans-serif\">Provide true, accurate, current and complete information about yourself as prompted by Indocliq&#39;s registration form or provided by You as a Guest User (such information being the &quot;Registration Data&quot;)</span></span></span></span></li>\r\n	<li style=\"text-align: justify;\"><span style=\"font-size:14px\"><span style=\"color:#555555\"><span style=\"font-family:Calibri,sans-serif\"><span style=\"font-family:&quot;Arial&quot;,sans-serif\">You must include any of Your contact details such as email addresses etc. in Your User ID while registering as a Registered User; and</span></span></span></span></li>\r\n	<li style=\"text-align: justify;\"><span style=\"font-size:14px\"><span style=\"color:#555555\"><span style=\"font-family:Calibri,sans-serif\"><span style=\"font-family:&quot;Arial&quot;,sans-serif\">Maintain and promptly update the Registration Data to keep it true, accurate, current and complete at all times;</span></span></span></span></li>\r\n	<li style=\"text-align: justify;\"><span style=\"font-size:14px\"><span style=\"color:#555555\"><span style=\"font-family:Calibri,sans-serif\"><span style=\"font-family:&quot;Arial&quot;,sans-serif\">You must immediately notify us of any unauthorized use of Your password or account or any other breach of security, and</span></span></span></span></li>\r\n	<li style=\"text-align: justify;\"><span style=\"font-size:14px\"><span style=\"color:#555555\"><span style=\"font-family:Calibri,sans-serif\"><span style=\"font-family:&quot;Arial&quot;,sans-serif\">Ensure that You exit from Your account at the end of each session.</span></span></span></span></li>\r\n</ol>\r\n\r\n<p style=\"text-align:justify\"><br />\r\n<br />\r\n<span style=\"font-size:14px\"><span style=\"font-family:Calibri,sans-serif\"><span style=\"font-family:&quot;Arial&quot;,sans-serif\"><span style=\"color:#555555\">If You provide any information that is untrue, inaccurate, not current or incomplete, or Indocliq has reasonable grounds to suspect that such information is untrue, inaccurate, not current or incomplete, or not in accordance with the User Agreement. Indocliq has the right to indefinitely suspend or terminate or block access of Your membership with the Website and refuse to provide You with access to the Website. Indocliq shall not be liable for any loss or damage arising from Your failure to comply with this Clause 2.</span></span><br />\r\n<br />\r\n<span style=\"font-family:&quot;montserratregular&quot;,serif\"><span style=\"color:black\">3. Electronic Execution and Communications</span></span><br />\r\n<span style=\"font-family:&quot;Arial&quot;,sans-serif\"><span style=\"color:#555555\">When You use the Website or send emails or other data, information or communication to Indocliq, You agree and understand that You are communicating with Indocliq through electronic records. You consent to receive communications from us electronically. For contractual purposes, You consent to receive communications (including transactional, promotional and/or commercial messages), from us with respect to your use of the Website and/or your order placed on the Website. We will communicate with You by email or by posting notices on the Website or through any other Indocliq services. You agree that all the agreements, notices, disclosures and other communications that we provide to You electronically shall be deemed to be an adequate service of notice/electronic record and satisfy any legal requirement that such communications be in writing.</span></span><br />\r\n<br />\r\n<span style=\"font-family:&quot;montserratregular&quot;,serif\"><span style=\"color:black\">4. Fees and Services</span></span><br />\r\n<span style=\"font-family:&quot;Arial&quot;,sans-serif\"><span style=\"color:#555555\">Membership on the Website is free. Being an Intermediary under the Information Technology Act, Indocliq does not charge any fee for browsing and buying on the Website. However, before You list an item for sale through the Website, we request You to review our Fees and Credit Policy, which is hereby incorporated by reference into this agreement. Indocliq reserves the right to change its Service Fee and Credit policies from time to time at its sole discretion including without limitation right to introduce fees for the new services offered or amend/introduce fees for existing services, as the case may be. Any modifications to the Fee and Credit policies shall be posted on the Website and such changes shall become effective immediately. Unless otherwise stated, all fees shall be quoted in Indian Rupees and be payable to Flying Fox Tradecom Private Limited within such time as specified in the invoice.<br />\r\n<br />\r\n4.1. Taxes: You are responsible for paying all fees associated with the use of the Website and You agree to bear all and any applicable taxes, charges, cesses etc. levied thereon in accordance with the Law or Government Regulations for the time being in force.</span></span></span><br />\r\n<br />\r\n<span style=\"font-family:Calibri,sans-serif\"><span style=\"font-family:&quot;Arial&quot;,sans-serif\"><span style=\"color:#555555\">4.2. Non-payment: Indocliq reserves the right to issue a warning, temporarily /indefinitely suspend or terminate Your membership of the Website and refuse to provide You with access to all current and future use of the Website in case of non-payment of fees by You to Indocliq. Indocliq also reserves the right to take legal action in case of non- payment of fees.</span></span><br />\r\n<br />\r\n<span style=\"font-family:&quot;montserratregular&quot;,serif\"><span style=\"color:black\">5. Use of the Website</span></span><br />\r\n<span style=\"font-family:&quot;Arial&quot;,sans-serif\"><span style=\"color:#555555\">5.1. You understand and agree that Indocliq and the Website merely provides hosting services to its Registered Users and persons browsing / visiting the Website. All items advertised / listed and the contents therein are advertised and listed by Registered Users and are third party user generated contents. Indocliq neither originates nor initiates the transmission nor selects the sender and receiver of the transmission nor selects or modifies the information contained in the transmission. Indocliq has no control over the third party user generated contents and does not provide any guarantee with respect to any such contents and Indocliq shall not be held liable for any loss suffered by You based on Your reliance on or use of such data/content.<br />\r\n<br />\r\n5.2. You agree, undertake and confirm that Your use of the Website shall be strictly governed by the following binding principles:<br />\r\n<br />\r\n5.2.1. &quot;Your Information&rdquo; is defined as any information You provide to us or other users of the Website (&quot;Users&quot;) in the registration (as Registered User or as Guest User), buying or listing process, in the feedback area or through any e-mail feature. You are solely responsible for Your Information and we act only as a passive conduit for Your online distribution and publication of Your Information.<br />\r\n<br />\r\n5.2.2. Your Information (or any items listed): Please note that in accordance with the Information Technology (Intermediaries guidelines) Rules 2011, in case of non-compliance with rules and regulations, user agreement and privacy policy, for access or usage of intermediary computer resources, the Intermediary has the right to immediately terminate the access or usage rights of the users to the computer resources of Intermediary and remove non-compliant information.<br />\r\n<br />\r\n5.2.3. In terms of Information Technology (Intermediaries Guidelines) Rules, 2011, You agree and undertake that You shall not host, display, upload, modify, publish, transmit, update or share any information or share/list(s) any information or item that:</span></span></span></span></p>\r\n\r\n<ol style=\"list-style-type:lower-alpha\">\r\n	<li style=\"text-align: justify;\"><span style=\"font-size:14px\"><span style=\"color:#555555\"><span style=\"font-family:Calibri,sans-serif\"><span style=\"font-family:&quot;Arial&quot;,sans-serif\">belongs to another person and to which You do not have any right;</span></span></span></span></li>\r\n	<li style=\"text-align: justify;\"><span style=\"font-size:14px\"><span style=\"color:#555555\"><span style=\"font-family:Calibri,sans-serif\"><span style=\"font-family:&quot;Arial&quot;,sans-serif\">is grossly harmful, harassing, blasphemous, defamatory, obscene, pornographic, pedophilic, libelous, invasive of another&#39;s privacy, hateful, or racially, ethnically objectionable, disparaging, relating or encouraging money laundering or gambling, or otherwise unlawful in any manner whatever; or unlawfully threatening or unlawfully harassing including but not limited to &quot;indecent representation of women&quot; within the meaning of the Indecent Representation of Women (Prohibition) Act, 1986;</span></span></span></span></li>\r\n	<li style=\"text-align: justify;\"><span style=\"font-size:14px\"><span style=\"color:#555555\"><span style=\"font-family:Calibri,sans-serif\"><span style=\"font-family:&quot;Arial&quot;,sans-serif\">harm minors in any way;</span></span></span></span></li>\r\n	<li style=\"text-align: justify;\"><span style=\"font-size:14px\"><span style=\"color:#555555\"><span style=\"font-family:Calibri,sans-serif\"><span style=\"font-family:&quot;Arial&quot;,sans-serif\">infringes any patent, trademark, copyright or other proprietary rights or third party&#39;s trade secrets or rights of publicity or privacy or is fraudulent or involves the sale of counterfeit or stolen items;</span></span></span></span></li>\r\n	<li style=\"text-align: justify;\"><span style=\"font-size:14px\"><span style=\"color:#555555\"><span style=\"font-family:Calibri,sans-serif\"><span style=\"font-family:&quot;Arial&quot;,sans-serif\">involves the transmission of &quot;junk mail&quot;, &quot;chain letters&quot;, or unsolicited mass mailing or &quot;spamming&quot;;</span></span></span></span></li>\r\n	<li style=\"text-align: justify;\"><span style=\"font-size:14px\"><span style=\"color:#555555\"><span style=\"font-family:Calibri,sans-serif\"><span style=\"font-family:&quot;Arial&quot;,sans-serif\">violates any law for the time being in force;</span></span></span></span></li>\r\n	<li style=\"text-align: justify;\"><span style=\"font-size:14px\"><span style=\"color:#555555\"><span style=\"font-family:Calibri,sans-serif\"><span style=\"font-family:&quot;Arial&quot;,sans-serif\">deceives or misleads the addressee/ users about the origin of such messages or communicates any information which is grossly offensive or menacing in nature;</span></span></span></span></li>\r\n</ol>\r\n\r\n<ol start=\"8\" style=\"list-style-type:lower-alpha\">\r\n	<li style=\"text-align: justify;\"><span style=\"font-size:14px\"><span style=\"color:#555555\"><span style=\"font-family:Calibri,sans-serif\"><span style=\"font-family:&quot;Arial&quot;,sans-serif\">impersonate another person/entity;</span></span></span></span></li>\r\n	<li style=\"text-align: justify;\" value=\"1\"><span style=\"font-size:14px\"><span style=\"color:#555555\"><span style=\"font-family:Calibri,sans-serif\"><span style=\"font-family:&quot;Arial&quot;,sans-serif\">contains software viruses or any other computer code, files or programs designed to interrupt, destroy or limit the functionality of any computer resource; or contains any Trojan horses, worms, time bombs, cancel bots, easter eggs or other computer programming routines that may damage, detrimentally interfere with, diminish value of, surreptitiously intercept or expropriate any system, data or personal information;</span></span></span></span></li>\r\n	<li style=\"text-align: justify;\" value=\"10\"><span style=\"font-size:14px\"><span style=\"color:#555555\"><span style=\"font-family:Calibri,sans-serif\"><span style=\"font-family:&quot;Arial&quot;,sans-serif\">threatens the unity, integrity, defense, security or sovereignty of India, friendly relations with foreign states, or public order or causes incitement to the commission of any cognizable offence or prevents investigation of any offence or is insulting any other nation.</span></span></span></span></li>\r\n	<li style=\"text-align: justify;\"><span style=\"font-size:14px\"><span style=\"color:#555555\"><span style=\"font-family:Calibri,sans-serif\"><span style=\"font-family:&quot;Arial&quot;,sans-serif\">shall not be false, inaccurate or misleading;</span></span></span></span></li>\r\n	<li style=\"text-align: justify;\" value=\"50\"><span style=\"font-size:14px\"><span style=\"color:#555555\"><span style=\"font-family:Calibri,sans-serif\"><span style=\"font-family:&quot;Arial&quot;,sans-serif\">shall not, directly or indirectly, offer, attempt to offer, trade or attempt to trade in any item, dealing of which is prohibited or restricted in any manner under the provisions of any applicable law, rule, regulation or guideline for the time being in force. Without prejudice to the generality of the above, Indocliq does not permit transactions in the following items including but not limited to categories as stated in the Prohibited and Restricted Items under General Policies and Rules which can be accessed at //www.Indocliq/policies-and-rules.htmlshall not create liability for us or cause us to lose (in whole or in part) the services of our ISPs or other suppliers; and</span></span></span></span></li>\r\n	<li style=\"text-align: justify;\" value=\"1000\"><span style=\"font-size:14px\"><span style=\"color:#555555\"><span style=\"font-family:Calibri,sans-serif\"><span style=\"font-family:&quot;Arial&quot;,sans-serif\">shall not link directly or indirectly to or include descriptions of items, goods or services that are prohibited under the User Agreement or any other applicable law for the time being in force including but not limited to the Drugs and Cosmetics Act, 1940, the Drugs And Magic Remedies (Objectionable Advertisements) Act, 1954, the Indian Penal Code, 1860, The Indecent Representation of Women (Prohibition) Act, 1986, Information Technology Act 2000 as amended from time to time and rules there under;</span></span></span></span></li>\r\n	<li style=\"text-align: justify;\" value=\"14\"><span style=\"font-size:14px\"><span style=\"color:#555555\"><span style=\"font-family:Calibri,sans-serif\"><span style=\"font-family:&quot;Arial&quot;,sans-serif\">are identical to other items You have up for auction but are priced lower than Your item&#39;s price, the reserve price of the item or minimum bid amount; are concurrently listed for sale on a Website other than the Website;<br />\r\n	<br />\r\n	5.2.4. Indocliq shall have the right to use Your Information as provided by You and such usage of Your information by us will not amount to violation of any rights You might have in Your Information. You agree to grant us a non-exclusive, worldwide, perpetual, irrevocable, royalty-free, sub-licensable (through multiple tiers) right to exercise the copyright, publicity, and database rights (but no other rights) You have in Your Information, in any media now known or not currently known, with respect to Your Information. Indocliq will only use Your Information in accordance with the User Agreement and Indocliq&#39;s Privacy Policy.<br />\r\n	<br />\r\n	5.2.5. You represent and confirm that You shall be the sole and exclusive legal owner of all items, goods or products of any description that You wish to offer for sale on the Website. You shall have absolute right, title and authority to deal in and offer for sale such items, goods or products.<br />\r\n	<br />\r\n	5.2.6. In the event that any transaction or attempted transaction relating to any item, good or service which is in violation of this User Agreement or applicable law comes to Your knowledge, You shall take all steps to inform Indocliq of the same at info@Indocliq.<br />\r\n	<br />\r\n	5.2.7. You shall at all times ensure full compliance with the applicable provisions of the Information Technology Act, 2000 and rules made there under as applicable and as amended from time to time and also all applicable Domestic Laws, Rules and Regulations (including the provisions of any applicable Exchange Control Laws or Regulations in Force) </span></span></span></span></li>\r\n</ol>\r\n\r\n<p style=\"margin-left:48px; text-align:justify\"><span style=\"font-size:14px\"><span style=\"font-family:Calibri,sans-serif\"><span style=\"font-family:&quot;Arial&quot;,sans-serif\"><span style=\"color:#555555\">and International Laws, Foreign Exchange Laws, Statutes, Ordinances and Regulations (including, but not limited to Sales Tax/ VAT, Income Tax, Octroi, Service Tax, Central Excise, Custom Duty, Local Levies) regarding Your use of our service and Your bidding on, listing, purchase, solicitation of offers to purchase, and sale of items or services. You shall not engage in any transaction in an item or service, which is prohibited by the provisions of any applicable law including Exchange Control Laws or Regulations for the time being in force. In particular You shall ensure that if any of Your items listed on the Website qualifies as an &quot;Antiquity&quot; or &quot;Art treasure&quot; as defined in the Antiquities and Art Treasures Act, 1972 (&quot;Artwork&quot;), You shall indicate that such Artwork is &quot;non-exportable&quot; and sold subject to the provisions of said Act, and shall ensure that it is not delivered to the Buyer (as defined under the Buying section) at any place outside India.<br />\r\n<br />\r\n5.2.8. You shall not, either alone or in conjunction with other Users, manipulate or attempt to manipulate the prices of any item or services being sold or purchased on the Website.<br />\r\n<br />\r\n5.2.9. From time to time, You shall be responsible for providing information relating to the items or services proposed to be sold by You. In this connection, You undertake that all such information shall be correct and accurate in all respects. You shall not exaggerate or over emphasize the attributes of such items or services so as to mislead other Users in any manner. It may be possible that other users (including unauthorized users or &quot;hackers&quot;) may post or transmit offensive or obscene materials on the Website and that You may be involuntarily exposed to such offensive and obscene materials. It may also possible for others to obtain personal information about You due to Your use of the Website, and that the recipient may use such information to harass or injure You. We do not approve such unauthorized use, but by using the Website, You acknowledge and agree that we are not responsible for the use of any personal information that You publicly disclose or share with others on the Website. Please carefully select the type of information that You publicly disclose or share with others on the Website.<br />\r\n<br />\r\n5.2.10. You shall not attempt to or circumvent or manipulate our Fee structure, the billing process or Fees owed to Indocliq as detailed and agreed in MOU signed by Merchants/Sellers.<br />\r\n5.2.11 You agree that You or any of your affiliates, Subsidiaries, associate partners to your knowledge, any of your officers , directors or employees or vendors have not (i) made or offered to make or receive any direct or indirect payments in violation of any applicable Indian law including anti- bribery and anti- corruption laws and other laws (for eg. U.S Foreign Corrupt Practices Act and the U.K Bribery Act 2010), including any contribution, payment, commission, rebate, promotional allowance or gift of funds, property or any other economic benefit in cash or kind or thing of value to or from any employee, official or agent of any employee, official or agent of any Governmental Authority where such an activity amounts to be illegal and in violation of applicable laws. If You have reasonable suspicion of the existence of such conduct, You shall immediately inform Indocliq of such knowledge and if requested by Indocliq, provide to Indocliq such information it may reasonably require regarding such conduct. Indocliq shall also have the right to audit periodically merchant/sellers, if need be in compliance of the above. Indocliq shall upon knowledge of such activities have the right to suspend or terminate the services without prior written notice should it become aware of a breach by the User of the representation and warranty given hereinabove.</span></span></span><br />\r\n<br />\r\n<span style=\"font-family:Calibri,sans-serif\"><span style=\"font-family:&quot;montserratregular&quot;,serif\"><span style=\"color:black\">6. Platform for Communication</span></span><br />\r\n<strong><span style=\"font-family:&quot;Arial&quot;,sans-serif\"><span style=\"color:#555555\">INDOCLIQ&#39;s ROLE IS THAT OF AN INTERMEDIARY IN THE FORM OF AN ONLINE MARKETPLACE AND IS LIMITED TO MANAGING THE WEBSITE TO ENABLE SELLER TO EXHIBIT, ADVERTISE, DISPLAY, MAKE AVAILABLE AND OFFER TO SELL THE PRODUCTS AND TO ENABLE BUYER TO PURCHASE THE PRODUCTS SO OFFERED, AND OTHER INCIDENTAL SERVICES TO FACILITATE THE TRANSACTIONS BETWEEN SELLERS AND THE BUYERS. ACCORDINGLY, THE CONTRACT FOR SALE OF ANY OF THE PRODUCTS SHALL BE A BIPARTITE CONTRACT BETWEEN SELLER AND THE BUYER. AT NO TIME SHALL INDOCLIQ&#39; HAVE ANY OBLIGATIONS OR LIABILITIES IN RESPECT OF SUCH CONTRACT NOR SHALL INDOCLIQ HOLD ANY TITLE IN THE PRODUCTS. THE TITLE IN THE PRODUCTS AND OTHER RIGHTS AND INTERESTs IN THE PRODUCTS SHALL DIRECTLY PASS TO THE BUYER FROM THE SELLER.</span></span></strong><br />\r\n<br />\r\n<span style=\"font-family:&quot;Arial&quot;,sans-serif\"><span style=\"color:#555555\">6.1. Indocliq does not control, endorse or accept responsibility for any product (including but not limited to product catalogues) proposed to be sold or offered to be sold or purchased on the website or any linked sites. Indocliq makes no representations or warranties whatsoever about, and shall not be liable for the Seller or any such third parties, their products including representations relating to merchantability, fitness of a product or service for a particular purpose, warranty as to specific products and non-infringement of third party intellectual property rights. Any transactions that the Buyer may have with such third parties are at Buyer&#39;s own risk. The products shall be subject to Seller&#39;s terms and conditions for warranty, service and maintenance, and Indocliq does not accept any responsibility for the same. Indocliq also does not accept any responsibility for the usage of the products by the Buyer.<br />\r\n<br />\r\n6.2 Indocliq specifically disclaims any liability with regard to any illegal, infringing, fake, duplicate, spurious, defective or counterfeit, refurbished, expired products purchased by the Buyer from the Seller and Indocliq shall not assume any liability if the product purchased or availed by the Buyer from the Seller is not exactly as per specifications detailed in the purchase confirmation of the order.<br />\r\n<br />\r\n6.3 All commercial / contractual terms are offered by and agreed to between Buyers and Sellers alone. The commercial / contractual terms include without limitation price, shipping costs, payment methods, payment terms, date, period and mode of delivery, warranties and after sales services related to goods and services. Indocliq does not have any control or determines or advises or in any way involves itself in the offering or acceptance of such commercial / contractual terms between Buyers and Sellers.<br />\r\n<br />\r\n6.4. Indocliq is not responsible for any non-performance or breach of any contract entered into between Users (includes Registered User or Guest User). Indocliq cannot and does not guarantee that the concerned Users will perform any transaction concluded on the Website. Indocliq shall not and is not required to mediate or resolve any dispute or disagreement between Users.<br />\r\n<br />\r\n6.5. Indocliq does not make any representation or warranty as to the attributes (such as legal title, creditworthiness, identity, etc.) of any of its Users. You are advised to independently verify the bona fides of any particular User that You choose to deal with on the Website and use Your best judgment in that respect.</span></span></span></span><br />\r\n&nbsp;</p>\r\n\r\n<p style=\"margin-left:48px; text-align:justify\">&nbsp;</p>\r\n\r\n<p style=\"margin-left:48px; text-align:justify\"><br />\r\n<span style=\"font-size:14px\"><span style=\"font-family:Calibri,sans-serif\"><span style=\"font-family:&quot;Arial&quot;,sans-serif\"><span style=\"color:#555555\">6.6 Indocliq does not warrant that the sale price provided by the Seller of the product is accurate, proper and valid. Any error in the sale price shall be solely attributed to the Seller and not to Indocliq. Prices, Product description and availability of the Product are Seller&#39;s responsibility.<br />\r\n<br />\r\n6.7. Indocliq does not at any point of time during any transaction between the Buyer and the Seller on the Website come into or takes of any of the goods or services offered by Seller nor does it at any point gain title to or have any rights or claims over the goods or services offered by the Seller to the Buyer. Indocliq may provide fulfillment and logistics services to certain merchants/Sellers but still does not take possession or title of any product or service sold.<br />\r\n<br />\r\n6.8 Buyer expressly acknowledges that the Seller selling the defective Product will be responsible to the Buyer for any claims that the Buyer may have in relation to such defective Product and Indocliq shall not in any manner be held liable for the same.<br />\r\n<br />\r\n6.6. The Website is only a venue through which Users can reach a larger base to buy and sell items or services. Indocliq is only providing a platform for communication and it is agreed that the contract for sale of any of the products or services shall be a strictly bipartite contract between the Seller and the Buyer. At no time shall any right, title or interest over the items vest with Indocliq nor shall Indocliq have any obligations or liabilities in respect of such contract for sale. Indocliq is not responsible for unsatisfactory or delayed performance of services or damages or delays as a result of items, which are out of stock, back ordered or otherwise unavailable. All items are offered only for a restricted time and only for the available supply as offered by the Sellers.<br />\r\n<br />\r\n6.7. At no time shall any right, title or interest over the items vest with Indocliq nor shall Indocliq have any obligations or liabilities in respect of such contract. Indocliq is not responsible for unsatisfactory or delayed performance of services or damages or delays as a result of items which are out of stock, back ordered or otherwise unavailable.<br />\r\n<br />\r\n6.8. You shall independently agree upon the manner and terms and conditions of delivery, payment, insurance etc. with the other Users that You transact with.<br />\r\n<br />\r\n6.9. You release and indemnify Indocliq and/or any of its shareholders, directors, officers, affiliates, employees and representatives from any cost, damage, liability or other consequence of any of the actions of the Users of the Website and specifically waive any claims that You may have in this behalf under any applicable law. Notwithstanding its reasonable efforts in that behalf, Indocliq cannot control the information provided by other Users which is made available on the Website. You may find other User&#39;s information to be offensive, harmful, inaccurate, or deceptive. Please use caution and practice safe trading when using the Website. Please note that there may be risks in dealing with foreign nationals, underage persons or people acting under false pretense.</span></span><br />\r\n<br />\r\n<strong><span style=\"font-family:&quot;Arial&quot;,sans-serif\"><span style=\"color:#555555\">Disclaimer:</span></span></strong><span style=\"font-family:&quot;Arial&quot;,sans-serif\"><span style=\"color:#555555\">&nbsp;You acknowledge and undertake that you are accessing the services on the Website and transacting at your own risk and are using Your best and prudent judgment before entering into any transactions through the Website. We shall neither be liable nor responsible for any actions or inactions of Sellers nor any breach of conditions, representations or warranties by the Sellers or manufacturers of the products and hereby expressly disclaim any and all responsibility and liability in that regard.&nbsp;</span></span></span></span></p>\r\n\r\n<p style=\"margin-left:48px; text-align:justify\"><br />\r\n<span style=\"font-size:14px\"><span style=\"font-family:Calibri,sans-serif\"><span style=\"font-family:&quot;montserratregular&quot;,serif\"><span style=\"color:black\">7. Privacy</span></span><br />\r\n<span style=\"font-family:&quot;Arial&quot;,sans-serif\"><span style=\"color:#555555\">We do not sell or rent your personal information to third parties for their marketing purposes without Your explicit consent, we only use Your information as described in the Privacy Policy. We view protection of users privacy as a very important community principle. We understand clearly that You and Your Personal Information is one of our most important assets. We store and process Your Information on computers located in the United States and Asia Pacific at some of the best data centers in the world that are protected by physical as well as reasonable technological security measures and procedures in accordance with the Information Technology Act 2000 and rules there under. Our current Privacy Policy is available at&nbsp;</span><span style=\"color:#24a3b5\"><a href=\"http://indocliq.in/privacy_policy\" style=\"color:blue; text-decoration:underline\" target=\"_blank\">indocliq.in/privacy_policy</a></span><span style=\"color:#555555\">. If you object to your Information being transferred or used in this way, please do not use the Website.<br />\r\nWe may share personal information with our other corporate entities and affiliates. These entities and affiliates may market to You as a result of such sharing of information, unless You explicitly opt-out.<br />\r\nWe may disclose personal information to third parties. This disclosure may be required by us to provide you with the access to our Services, to comply with our legal obligations, to enforce our User Agreement, to facilitate our marketing and advertising activities, or to prevent, detect, mitigate, and investigate fraudulent or illegal activities related to our Services. We do not disclose Your personal information to third parties for their marketing and advertising purposes without Your explicit consent.<br />\r\nWe may disclose personal information if required to do so under the law or in good faith belief that such disclosure is reasonably necessary to respond to subpoenas, court orders, or other legal process. We may disclose personal information to law enforcement offices, third party rights owners, or others in good faith belief that such disclosure is reasonably necessary to: enforce our Terms or Privacy Policy; respond to claims that an advertisement, posting or other content violates the rights of a third party; or protect the rights, property or personal safety of our users or the general public.<br />\r\nWe and our affiliates will share some or all of Your personal information with another business entity we (or our assets) plan to merge with, or be acquired by that business entity, or re-organization, amalgamation, restructuring of the business. Should such a transaction occur that other business entity (or the new combined entity) will be required to follow this privacy policy with respect to Your personal information.<br />\r\n<br />\r\nYour Consent: By using the Site and/ or by providing Your Information, You consent to the collection and use of the information You disclose on the Site by Indocliq in accordance with Indocliq Privacy Policy. You agree and acknowledge that You have read and fully understood the Privacy Policy and the terms and contents of such Privacy Policy as mentioned in the Website is acceptable by You.</span></span><br />\r\n<br />\r\n<span style=\"font-family:&quot;montserratregular&quot;,serif\"><span style=\"color:black\">8. Breach</span></span><br />\r\n<span style=\"font-family:&quot;Arial&quot;,sans-serif\"><span style=\"color:#555555\">Without limiting other remedies, Indocliq may limit Your activity, immediately remove Your information or end Your listing, warn other Users of Your actions, temporarily/indefinitely suspend or terminate or block Your membership, and/or refuse to provide You with the access to the Website in the event, but not limited to:</span></span></span></span></p>\r\n\r\n<ol style=\"list-style-type:lower-alpha\">\r\n	<li style=\"text-align: justify;\"><span style=\"font-size:14px\"><span style=\"color:#555555\"><span style=\"font-family:Calibri,sans-serif\"><span style=\"font-family:&quot;Arial&quot;,sans-serif\">If You breach the User Agreement or Privacy Policy or the documents, agreements rules, policies, terms and conditions as incorporated herein by reference;</span></span></span></span></li>\r\n	<li style=\"text-align: justify;\"><span style=\"font-size:14px\"><span style=\"color:#555555\"><span style=\"font-family:Calibri,sans-serif\"><span style=\"font-family:&quot;Arial&quot;,sans-serif\">If Indocliq is unable to verify or authenticate any information provided by You; or</span></span></span></span></li>\r\n</ol>\r\n\r\n<ol start=\"3\" style=\"list-style-type:lower-alpha\">\r\n	<li style=\"text-align: justify;\"><span style=\"font-size:14px\"><span style=\"color:#555555\"><span style=\"font-family:Calibri,sans-serif\"><span style=\"font-family:&quot;Arial&quot;,sans-serif\">c. If it is believed that Your actions may cause legal liability for other Users or Indocliq. We may at any time at our sole discretion reinstate suspended Users. A User that has been suspended or blocked may not register or attempt to register with Indocliq or use the Website in any manner whatsoever until such time that such User is reinstated by Indocliq. Notwithstanding the foregoing, if You breach the User Agreement or any other documents it incorporates by reference, Indocliq reserves the right to recover any amounts due and owing by You to Indocliq and to take strict legal action including but not limited to a referral to the appropriate police or other authorities for initiating criminal or other proceedings against You.</span><br />\r\n	<br />\r\n	<span style=\"font-family:&quot;montserratregular&quot;,serif\"><span style=\"color:black\">9. Buying</span></span><br />\r\n	<span style=\"font-family:&quot;Arial&quot;,sans-serif\">All purchases on the Website are a firm commitment to purchase. If You are the purchaser for any item, You are obligated to complete the transaction with the Seller.<br />\r\n	<br />\r\n	By purchasing on an item You agree to be bound by the conditions of sale included in the item&#39;s description (or linked to from the description) so long as those conditions of sale are not in violation of the User Agreement or are unlawful. In case of consumer goods, the Sellers on the Website may or may not specify the retail prices of the items being sold. You are advised to independently verify the retail prices of such items if You so desire.<br />\r\n	<br />\r\n	Indocliq strongly advises You not to test the Website with false purchases, as it will put You at substantial personal legal risk. It is an offence to use a false name, other false personal information or a known invalid/ unauthorized credit/ debit/ cash card and such other infrastructure directly through Bank or financial institution infrastructure or indirectly through Payment Aggregator. Willfully entering erroneous or fictitious bids may result in prosecution by Indocliq.<br />\r\n	<br />\r\n	Please note that in the event any inaccurate information is provided by You regarding Your identity, Your Web browser transmits a unique address to us, which can be used by law enforcement officials to identify You. If You are a registered Buyer on the Website we encourage You to post feedback for the Seller after the transaction is closed.<br />\r\n	<br />\r\n	In case of purchase of an Artwork which is marked as &quot;non-exportable&quot; on the Website or it is illegal to export the same, You agree that the Artwork shall not be exported out of India or otherwise dealt in any such manner which shall be in contravention of any law for the time being in force or any rules, regulations, notifications and orders passed there under.</span><br />\r\n	<br />\r\n	<span style=\"font-family:&quot;montserratregular&quot;,serif\"><span style=\"color:black\">10. Fulfillments and Shipping</span></span><br />\r\n	<span style=\"font-family:&quot;Arial&quot;,sans-serif\">Indocliq from time to time may offer certain fulfillment services to Sellers, however, Sellers remain responsible for the overall shipping quality, delivery, and cost of shipping. Indocliq may provide pick-up and delivery services to Sellers but all of these services are provided as contract or outsourced services on behalf of the merchants. At no time, Indocliq takes title or ownership of any product or inventory.</span><br />\r\n	<br />\r\n	<span style=\"font-family:&quot;montserratregular&quot;,serif\"><span style=\"color:black\">11. Buyer Protection at Indocliq</span></span><br />\r\n	<span style=\"font-family:&quot;Arial&quot;,sans-serif\">Indocliq does not permit the merchants to sell duplicate, spurious, knock-offs or grey channel items. Merchant guarantees to sell only genuine products to customers through Indocliq. All Merchants listing their products on Indocliq are required to enter into an agreement to list and sell only genuine products. We also encourage the merchants to extend all the warranties, guarantees as entailed in the product by the Merchant/Seller to You, all this at a great price and with the best customer services in the industry. </span></span></span></span></li>\r\n</ol>\r\n\r\n<p style=\"margin-left:48px; text-align:justify\"><span style=\"font-size:14px\"><span style=\"font-family:Calibri,sans-serif\"><span style=\"font-family:&quot;Arial&quot;,sans-serif\"><span style=\"color:#555555\">It is however clarified that the Indocliq seeks to ensure the aforesaid only on a best endeavor basis and does not assure or provide any personal warranties or assumes and liability or responsibility pertaining to the genuinity and authenticity of the products and/or the Seller, for which the Seller shall be solely responsible and liable.<br />\r\n<br />\r\nIf Indocliq gains suspicion or knowledge, that any of its members are involved in any activity that is intended to provide claims or information that is false, misleading or not genuine, then Indocliq may while reserving its rights to initiate civil and/or criminal proceedings against member may also at its sole discretion suspend, block, restrict, cancel the user id of Registered User and such necessary action against the Guest User of such member and/or disqualify that member and any related members from availing protection through this program.<br />\r\n<br />\r\nIndocliq reserves its right to initiate civil and/or criminal proceedings against a user who, files an invalid and/or false claim or provides false, incomplete, or misleading information. In addition to the legal proceedings as aforesaid, Indocliq may at its sole discretion suspend, block, restrict, cancel the User ID [and its related user ids] of such user and/or disqualify that member and any related members from availing protection through this program.<br />\r\n<br />\r\nAny person who, knowingly and with an intent to injure, defraud or deceive, files a Fraudulent Complaint containing false, incomplete, or misleading information shall be guilty of a criminal offence and will be prosecuted to the fullest extent under the law.</span></span><br />\r\n<br />\r\n<span style=\"font-family:&quot;montserratregular&quot;,serif\"><span style=\"color:black\">12. Selling/Advertising</span></span><br />\r\n<span style=\"font-family:&quot;Arial&quot;,sans-serif\"><span style=\"color:#555555\">As a registered member, You may list item/s for sale/advertising on the Website in accordance with the Listing Policies more fully detailed at Indocliq under General Policies and Rules//Indocliq/policies-and-rules.html which Policy is incorporated by way of reference in this Agreement. You represent that You are legally allowed to sell/advertise the item(s) You list for sale/advertising on Indocliq. You further agree to ensure that the products sold/advertised by You through Indocliq are genuine and are not counterfeit or stolen/ spurious /grey channel or knock off items. You further agree to ensure that the items/products listed by You on Indocliq do not infringe upon the intellectual property, trade secret or other proprietary rights or rights of publicity or privacy rights of any third parties.<br />\r\n<br />\r\nYou acknowledge and understand that &quot;Listings&quot; may include text descriptions, graphics and pictures that describe Your item for sale. You shall be deemed to be infringing the intellectual property rights of a third party if You are (i) affixing a registered trademark (or an identical or similar trademark likely to confuse the public to have an association with the registered trademark) of such third party to Your goods or its packaging; (ii) offering or putting for sale or stocking the goods under the said trademark; or (iii) using the said trademark in advertising Your product.<br />\r\n<br />\r\nYou acknowledge that if any genuine claim is received by Indocliq from any person through the Report Abuse section of Indocliq (terms of which are incorporated herein by reference), Indocliq may in its sole discretion block Your merchant/user account and/or remove the products listed by You on Indocliq, without any prior notice to You. Indocliq would however provide You a post facto intimation regarding the same. You agree that You shall have no claim whatsoever against Indocliq in this regard and the decision of Indocliq, as aforesaid shall be binding on You.</span></span></span></span></p>\r\n\r\n<p style=\"margin-left:48px; text-align:justify\"><br />\r\n<br />\r\n<span style=\"font-size:14px\"><span style=\"font-family:Calibri,sans-serif\"><span style=\"font-family:&quot;Arial&quot;,sans-serif\"><span style=\"color:#555555\">You further agree to ensure that the listing description of the item must not be misleading and must describe actual present condition of the product. All listed items must be listed in an appropriate category on the Website. All listed items must be kept in stock for successful fulfillment of sales. If the item description does not match the actual condition of the item, You agree to replace the product delivered to the Buyer with the correct product and/or refund any amounts that You may have received from the Buyer within 10 days of receipt of intimation from us in this regard. You agree not to list a single product in multiple quantities across various categories on the Website. Indocliq reserves the right to delete such multiple listings of the same product listed by You in various categories.</span></span><br />\r\n<br />\r\n<span style=\"font-family:&quot;montserratregular&quot;,serif\"><span style=\"color:black\">13. Payments</span></span><br />\r\n<span style=\"font-family:&quot;Arial&quot;,sans-serif\"><span style=\"color:#555555\">Indocliq uses third party payment providers to receive payments from the Buyers on Seller&#39;s behalf. Indocliq is not responsible for delays or erroneous transaction execution or cancellation of orders due to payment issues. Indocliq takes utmost care to work with 3rd party payment providers, but does not control their systems, processes, technology and work flows, hence cannot be held responsible for any fault at the end of payment providers. Further, Indocliq does not release the payment to Sellers until the order has been received by the Buyers and they are satisfied with it. Indocliq shall only make payments to the Sellers subject to realisation of payment received from the Buyer to Indocliq. The Seller payment is typically net of the service fee charged by Indocliq for its services and after deduction of applicable withholding taxes (if any).</span></span><br />\r\n<br />\r\n<span style=\"font-family:&quot;montserratregular&quot;,serif\"><span style=\"color:black\">14. Feedback</span></span><br />\r\n<span style=\"font-family:&quot;Arial&quot;,sans-serif\"><span style=\"color:#555555\">We encourage Registered Buyers on the Website to provide feedback to the Sellers after the transaction has been closed, this helps other Users to know the performance level of the said Merchant/Seller. Please remember that You cannot retract the feedback once You have provided it. Further You agree that the feedback You provide to the Website shall be deemed to be non- confidential and will be displayed along with Your user ID. Indocliq will not be responsible for the feedback that You post on the Website and You should be careful in making comments that are not factual in nature and should not post defamatory or illegal or offensive/obscene contents, for which You shall alone be liable.<br />\r\n<br />\r\nYou may not take any actions that may undermine the integrity of the feedback system. If You continue to receive negative feedback ratings, Indocliq reserves the right to suspend Your membership, and You will be unable to list, buy or bid on the Website. You agree that Your feedback shall not contain confidential or proprietary information of You or of third parties.</span></span><br />\r\n<br />\r\n<strong><span style=\"font-family:&quot;Arial&quot;,sans-serif\"><span style=\"color:#555555\">Export -</span></span></strong><span style=\"font-family:&quot;Arial&quot;,sans-serif\"><span style=\"color:#555555\">&nbsp;As feedback ratings are not designed for any purpose other than for facilitating trading between the Users, You agree that You shall not market or export Your Website feedback rating in any venue other than on the Website.</span></span><br />\r\n<br />\r\n<strong><span style=\"font-family:&quot;Arial&quot;,sans-serif\"><span style=\"color:#555555\">Import -</span></span></strong><span style=\"font-family:&quot;Arial&quot;,sans-serif\"><span style=\"color:#555555\">&nbsp;We do not provide the technical ability to allow You to import feedback from other websites to Indocliq because a composite number, without the corresponding feedback does not reflect Your true online reputation within our community.</span></span><br />\r\n<br />\r\n<span style=\"font-family:&quot;montserratregular&quot;,serif\"><span style=\"color:black\">15. No Warranty</span></span><br />\r\n<strong><span style=\"font-family:&quot;Arial&quot;,sans-serif\"><span style=\"color:#555555\">THE WEBSITE, SERVICES, CONTENT, USER CONTENT AND ANY THIRD PARTY CONTENT ARE PROVIDED BY INDOCLIQ ON AN &quot;AS IS&quot; BASIS WITHOUT WARRANTY OF ANY KIND, EXPRESS, IMPLIED, STATUTORY OR OTHERWISE, INCLUDING THE IMPLIED WARRANTIES OF TITLE, NON-INFRINGEMENT, MERCHANTABILITY OR FITNESS FOR A PARTICULAR PURPOSE. WITHOUT LIMITING THE FOREGOING, INDOCLIQ MAKES NO WARRANTY THAT (I) THE WEBSITE OR THE SERVICES WILL MEET YOUR REQUIREMENTS OR YOUR USE OF THE WEBSITE OR THE SERVICES WILL BE UNINTERRUPTED, TIMELY, SECURE OR ERROR-FREE; (II) THE RESULTS THAT MAY BE OBTAINED FROM THE USE OF THE WEBSITE OR SERVICES WILL BE EFFECTIVE, ACCURATE OR RELIABLE; (III) THE QUALITY OF THE WEBSITE OR SERVICES WILL MEET YOUR EXPECTATIONS; OR THAT (IV) ANY ERRORS OR DEFECTS IN THE WEBSITE ORSERVICES WILL BE CORRECTED. NO ADVICE OR INFORMATION, WHETHER ORAL OR WRITTEN, OBTAINED BY YOU FROM INDOCLIQ OR THROUGHTHE WEBSITE / CONTENTOR FROM USE OF THE SERVICES SHALL CREATE ANY WARRANTY NOT EXPRESSLY STATED IN THESE TERMS OF USE.</span></span></strong><br />\r\n<br />\r\n<strong><span style=\"font-family:&quot;Arial&quot;,sans-serif\"><span style=\"color:#555555\">TO THE MAXIMUM EXTENT PERMITTED BY APPLICABLE LAW, INDOCLIQ WILL HAVE NO LIABILITY RELATED TO USER CONTENTAND / OR THIRD PARTY CONTENTARISING UNDER INTELLECTUAL PROPERTY RIGHTS, LIBEL, PRIVACY, PUBLICITY, OBSCENITY OR OTHER LAWS. INDOCLIQ ALSO DISCLAIMS ALL LIABILITY WITH RESPECT TO THE MISUSE, LOSS, MODIFICATION OR UNAVAILABILITY OF ANY USER CONTENT AND / OR THIRD PARTY CONTENT.</span></span></strong><br />\r\n<br />\r\n<strong><span style=\"font-family:&quot;Arial&quot;,sans-serif\"><span style=\"color:#555555\">YOU EXPRESSLY UNDERSTAND AND AGREE THAT, TO THE MAXIMUM EXTENT PERMITTED BY APPLICABLE LAW INDOCLIQ WILL NOT BE LIABLE FOR ANY LOSS THAT YOU MAY INCUR AS A CONSEQUENCE OF UNAUTHORIZED USE OF YOUR ACCOUNT OR ACCOUNT INFORMATION IN CONNECTION WITH THE WEBSITE OR ANY SERVICES, EITHER WITH OR WITHOUT YOUR KNOWLEDGE. INDOCLIQ HAS ENDEAVORED TO ENSURE THAT ALL THE INFORMATION ON THE WEBSITE IS CORRECT, BUT INDOCLIQ NEITHER WARRANTS NOR MAKES ANY REPRESENTATIONS REGARDING THE QUALITY, ACCURACY OR COMPLETENESS OF ANY DATA, INFORMATION, PRODUCT OR SERVICE. INDOCLIQ SHALL NOT BE RESPONSIBLE FOR THE DELAY OR INABILITY TO USE THE WEBSITE OR RELATED FUNCTIONALITIES, THE PROVISION OF OR FAILURE TO PROVIDE FUNCTIONALITIES, OR FOR ANY INFORMATION, SOFTWARE, PRODUCTS, FUNCTIONALITIES AND RELATED GRAPHICS OBTAINED THROUGH THE WEBSITE, OR OTHERWISE ARISING OUT OF THE USE OF THE WEBSITE, WHETHER BASED ON CONTRACT, TORT, NEGLIGENCE, STRICT LIABILITY OR OTHERWISE. FURTHER, INDOCLIQ SHALL NOT BE HELD RESPONSIBLE FOR NON-AVAILABILITY OF THE WEBSITE DURING PERIODIC MAINTENANCE OPERATIONS OR ANY UNPLANNED SUSPENSION OF ACCESS TO THE WEBSITE THAT MAY OCCUR DUE TO TECHNICAL REASONS OR FOR ANY REASON BEYOND INDOCLIQ &#39;S CONTROL. THE USER UNDERSTANDS AND AGREES THAT ANY MATERIAL OR DATA DOWNLOADED OR OTHERWISE OBTAINED THROUGH THE WEBSITE IS DONE ENTIRELY AT THEIR OWN DISCRETION AND RISK AND THEY WILL BE SOLELY RESPONSIBLE FOR ANY DAMAGE TO THEIR COMPUTER SYSTEMS OR LOSS OF DATA THAT RESULTS FROM THE DOWNLOAD OF SUCH MATERIAL OR DATA. INDOCLIQ IS NOT RESPONSIBLE FOR ANY TYPOGRAPHICAL ERROR LEADING TO AN INVALID COUPON. INDOCLIQ ACCEPTS NO LIABILITY FOR ANY ERRORS OR OMISSIONS, WITH RESPECT TO ANY INFORMATION PROVIDED TO YOU WHETHER ON BEHALF OF ITSELF OR THIRD PARTIES.</span></span></strong></span></span><br />\r\n&nbsp;</p>\r\n\r\n<p style=\"margin-left:48px; text-align:justify\"><span style=\"font-size:14px\"><span style=\"font-family:Calibri,sans-serif\"><span style=\"font-family:&quot;Arial&quot;,sans-serif\"><span style=\"color:#555555\">16. Limitation of Liability<br />\r\nIn no event shall Indocliq or its suppliers, affiliates, service providers and their respective officers, directors, employees, partner be liable for any direct, indirect, incidental, special, incidental, consequential , exemplary or punitive damages whatsoever, including but not limited to, damages for loss of profits, goodwill, use, data or other intangible losses or based on any theory of liability including breach of contract or warranty, negligence or other tortious action or any other claim arising out of or in connection with Your use of or access to the Website, its services ,content or this agreement (however arising, including negligence).<br />\r\n<br />\r\nIndocliq&#39;s entire and aggregate liability in any circumstance including these terms and conditions shall not exceed the greater of Indian Rupees One Hundred (INR 100) or the amount of fees, if any, paid by You to Indocliq under the relevant order to which the cause of action for the liability related. Indocliq, its associates, affiliates and service providers and technology partners make no representations or Warranties about the accuracy, reliability, completeness, and/or timeliness of any content, information, software, text, graphics, links or communications provided on or through the use of the Website or that the operation of the Website will be error free and/or uninterrupted. Consequently, Indocliq assumes no liability whatsoever for any monetary or other damage suffered by You on account of:</span></span></span></span></p>\r\n\r\n<ol style=\"list-style-type:lower-alpha\">\r\n	<li style=\"text-align: justify;\"><span style=\"font-size:14px\"><span style=\"color:#555555\"><span style=\"font-family:Calibri,sans-serif\"><span style=\"font-family:&quot;Arial&quot;,sans-serif\">Delay, failure, interruption, or corruption of any data or other information transmitted in connection with use of the Website;</span></span></span></span></li>\r\n	<li style=\"text-align: justify;\"><span style=\"font-size:14px\"><span style=\"color:#555555\"><span style=\"font-family:Calibri,sans-serif\"><span style=\"font-family:&quot;Arial&quot;,sans-serif\">Any interruption or errors in the operation of the Website.</span></span></span></span></li>\r\n</ol>\r\n\r\n<p style=\"margin-left:24px; text-align:justify\"><span style=\"font-size:14px\"><span style=\"font-family:Calibri,sans-serif\"><span style=\"font-family:&quot;montserratregular&quot;,serif\"><span style=\"color:black\">17. Indemnity</span></span><br />\r\n<span style=\"font-family:&quot;Arial&quot;,sans-serif\"><span style=\"color:#555555\">You agree to indemnify and hold harmless Indocliq and (as applicable) Indocliq&#39;s parent, subsidiaries, affiliates, third-parties and their respective shareholders, officers, directors, agents, and employees, from any losses, liabilities, damages, costs and expenses, claims or demand, or actions including reasonable attorneys&#39; fees asserted against or incurred by Indocliq, made by any third party arising out of Your breach or non-performance of terms of the User Agreement, Indocliq Rules and Policies, or the documents they incorporate by reference, or Your violation of any law, rules or regulations or the rights of a third party.<br />\r\n<br />\r\nIndocliq may notify You of any claims which You shall be liable to indemnify Indocliq against. You will then be required to consult with Indocliq regarding the course of action to be undertaken in defending such a claim. Further, You shall not compromise or settle any claim or admit any liability or wrongdoing on the part of Indocliq without the express prior written consent of Indocliq which can be withheld or denied or conditioned by Indocliq in its sole discretion.</span></span><br />\r\n<br />\r\n<span style=\"font-family:&quot;montserratregular&quot;,serif\"><span style=\"color:black\">18. General</span></span><br />\r\n<span style=\"font-family:&quot;Arial&quot;,sans-serif\"><span style=\"color:#555555\">18.1. None of the provisions of the User Agreement shall be deemed to constitute a partnership or agency between You and Indocliq and You shall have no authority to bind Indocliq in any manner whatsoever.<br />\r\n<br />\r\n18.2. Notices: Except as explicitly stated otherwise, any notices shall be given by postal mail on behalf of Indocliq to Flying Fox Tradecom Private Limited Attn: Legal Department, at Shop Cliqs corporate office situated at Plot no. 112, Sector 44, Gurgaon -122003, (in the case of Indocliq) or to the email address You provide to us during the registration process (in Your case). Notice shall be deemed given 24 hours after the email is sent, unless the sending party is notified that the email address is invalid.</span></span></span></span></p>\r\n\r\n<p style=\"margin-left:24px; text-align:justify\"><span style=\"font-size:14px\"><span style=\"font-family:Calibri,sans-serif\"><span style=\"font-family:&quot;Arial&quot;,sans-serif\"><span style=\"color:#555555\">Alternatively, we may give You notice by certified mail, postage prepaid and return receipt requested, to the address provided to us during the registration process. In such case, notice shall be deemed given 3 days after the date of mailing.<br />\r\n<br />\r\n18.3. Severability: If any clause of the User Agreement shall be deemed invalid, void or for any reason unenforceable, such clause shall be deemed severable and shall not affect the validity and enforceability of the remaining clauses of the User Agreement.<br />\r\n<br />\r\n18.4. Entire Agreement: This Agreement sets forth the entire understanding and agreement between You and Indocliq with respect to the subject matter hereof.<br />\r\n<br />\r\n18.5. Assignment: You cannot assign or otherwise transfer this User Agreement, or any rights granted hereunder to any third party. Indocliq may transfer its rights and obligations (also known as &quot;assign&quot;) under this Agreement without Your prior express consent, provided that Indocliq assigns the Agreement on the same terms or terms that are no less advantageous to You.<br />\r\n<br />\r\n18.6. Dispute Resolutions: Generally, transactions are conducted smoothly on Indocliq. However there may be some cases where both the Buyers and Sellers may face issues. At Indocliq, we have a Dispute Resolution process in order to resolve disputes between Buyers and Sellers.<br />\r\n<br />\r\nA &#39;Dispute&#39; can be defined as a disagreement between a Buyer and a Seller in connection with a transaction on the Website. Disputes arise out of an issue that is raised by either party not being completely satisfied with the resolution of their complaint/issue.<br />\r\n<br />\r\nIt is important that before a Buyer/Seller raises a dispute, they should attempt to resolve the issue amicably between each other. Please note that whenever a Buyer raises a dispute, the Seller&#39;s payment for that order is put on hold immediately until the issue is resolved.</span></span><br />\r\n<br />\r\n<strong><span style=\"font-family:&quot;Arial&quot;,sans-serif\"><span style=\"color:#555555\">How is a &#39;dispute&#39; resolved?</span></span></strong><br />\r\n<span style=\"font-family:&quot;Arial&quot;,sans-serif\"><span style=\"color:#555555\">Whenever there is a disagreement relating to any transaction, the users can write to&nbsp;</span></span><a href=\"mailto:grievance@shopclues.com\" style=\"color:blue; text-decoration:underline\"><span style=\"font-family:&quot;Arial&quot;,sans-serif\"><span style=\"color:#24a3b5\">grievance@Indocliq</span></span></a><span style=\"font-family:&quot;Arial&quot;,sans-serif\"><span style=\"color:#555555\">&nbsp;in order to raise a dispute. Once a dispute is raised by either party, Indocliq shall try to mediate and the resolve the matter amicably.<br />\r\n<br />\r\n18.7. Grievance Officer In accordance with the Information Technology Act, 2000 and rules made there under, the name and contact details of the Grievance Officer is published herewith:</span></span><br />\r\n<br />\r\n<strong><span style=\"font-family:&quot;Arial&quot;,sans-serif\"><span style=\"color:#555555\">Grievance Officer</span></span></strong><br />\r\n<span style=\"font-family:&quot;Arial&quot;,sans-serif\"><span style=\"color:#555555\">Flying Fox Tradecom Private Limited<br />\r\nPlot No. 112, Sector - 44, Gurgaon 122003 - 9810511701</span></span><br />\r\n<strong><span style=\"font-family:&quot;Arial&quot;,sans-serif\"><span style=\"color:#555555\">CIN No. -</span></span></strong><span style=\"font-family:&quot;Arial&quot;,sans-serif\"><span style=\"color:#555555\">U52590HR2011PTC055841</span></span><br />\r\n<strong><span style=\"font-family:&quot;Arial&quot;,sans-serif\"><span style=\"color:#555555\">E-mail ID -</span></span></strong>&nbsp;<a href=\"mailto:grievance@shopclues.com\" style=\"color:blue; text-decoration:underline\"><span style=\"font-family:&quot;Arial&quot;,sans-serif\"><span style=\"color:#24a3b5\">grievance@Indocliq</span></span></a><br />\r\n<strong><span style=\"font-family:&quot;Arial&quot;,sans-serif\"><span style=\"color:#555555\">Phone No. -</span></span></strong>&nbsp;<span style=\"font-family:&quot;Arial&quot;,sans-serif\"><span style=\"color:#24a3b5\"><a href=\"tel:01244414888\" style=\"color:blue; text-decoration:underline\"><span style=\"color:#24a3b5\">&nbsp;0124-4414888</span></a></span></span><br />\r\n<br />\r\n<span style=\"font-family:&quot;montserratregular&quot;,serif\"><span style=\"color:black\">19. Report an Intellectual Property Right Violation</span></span><br />\r\n<span style=\"font-family:&quot;Arial&quot;,sans-serif\"><span style=\"color:#555555\">In the event You come across any abuse or violation of these Terms of User Agreement or if You become aware of any objectionable content on the Website, or if You believe Your intellectual property rights have been violated in any manner through the Website, please refer to the Indocliq Intellectual Property Violation (SCIPV) available here&nbsp;</span><span style=\"color:#24a3b5\"><a href=\"http://indocliq.in/\" style=\"color:blue; text-decoration:underline\" target=\"_blank\"><span style=\"color:#24a3b5\">//www.Indocliq/brand-inquiries</span></a></span><span style=\"color:#555555\">.</span></span></span><br />\r\n<br />\r\n<span style=\"font-family:Calibri,sans-serif\"><span style=\"font-family:&quot;montserratregular&quot;,serif\"><span style=\"color:black\">20. Arbitration</span></span><br />\r\n<span style=\"font-family:&quot;Arial&quot;,sans-serif\"><span style=\"color:#555555\">If any dispute arises between You and Indocliq during Your use of the Website or thereafter, in connection with the validity, interpretation, implementation or alleged breach of any provision of the User Agreement, or the documents they incorporate by reference, the dispute shall be referred to a sole Arbitrator who shall be an independent and neutral third party identified by Indocliq. The place of arbitration shall be New Delhi, India. The arbitration proceedings shall be in the English Language and shall be governed by Arbitration &amp; Conciliation Act, 1996.</span></span><br />\r\n<br />\r\n<span style=\"font-family:&quot;montserratregular&quot;,serif\"><span style=\"color:black\">21. Governing Law</span></span><br />\r\n<span style=\"font-family:&quot;Arial&quot;,sans-serif\"><span style=\"color:#555555\">The User Agreement or the documents they incorporate by reference shall be governed and construed in accordance with the laws of India. Subject to Clause 19 above, all disputes arising under this Agreement between You and Indocliq shall be subject to the exclusive jurisdiction of courts at New Delhi, India.</span></span></span></span></p>\r\n', '2020-08-21');

--
-- Indexes for dumped tables
--

--
-- Indexes for table `admin`
--
ALTER TABLE `admin`
  ADD PRIMARY KEY (`id`);

--
-- Indexes for table `area`
--
ALTER TABLE `area`
  ADD PRIMARY KEY (`area_id`);

--
-- Indexes for table `brand_logo`
--
ALTER TABLE `brand_logo`
  ADD PRIMARY KEY (`id`);

--
-- Indexes for table `categories`
--
ALTER TABLE `categories`
  ADD PRIMARY KEY (`categories_id`);

--
-- Indexes for table `categories_percentage`
--
ALTER TABLE `categories_percentage`
  ADD PRIMARY KEY (`id`);

--
-- Indexes for table `colors`
--
ALTER TABLE `colors`
  ADD PRIMARY KEY (`id`);

--
-- Indexes for table `common_setting`
--
ALTER TABLE `common_setting`
  ADD PRIMARY KEY (`id`),
  ADD UNIQUE KEY `option_name` (`option_name`);

--
-- Indexes for table `contactus`
--
ALTER TABLE `contactus`
  ADD PRIMARY KEY (`id`);

--
-- Indexes for table `coupons`
--
ALTER TABLE `coupons`
  ADD PRIMARY KEY (`id`);

--
-- Indexes for table `deliveryboys`
--
ALTER TABLE `deliveryboys`
  ADD PRIMARY KEY (`id`),
  ADD UNIQUE KEY `reg_id` (`reg_id`);

--
-- Indexes for table `delivery_status`
--
ALTER TABLE `delivery_status`
  ADD PRIMARY KEY (`ds_id`);

--
-- Indexes for table `forgot_otp`
--
ALTER TABLE `forgot_otp`
  ADD PRIMARY KEY (`id`);

--
-- Indexes for table `homebannerslider`
--
ALTER TABLE `homebannerslider`
  ADD PRIMARY KEY (`id`);

--
-- Indexes for table `homebannersliderfourth`
--
ALTER TABLE `homebannersliderfourth`
  ADD PRIMARY KEY (`id`);

--
-- Indexes for table `homebannerslidersec`
--
ALTER TABLE `homebannerslidersec`
  ADD PRIMARY KEY (`id`);

--
-- Indexes for table `homebannersliderthird`
--
ALTER TABLE `homebannersliderthird`
  ADD PRIMARY KEY (`id`);

--
-- Indexes for table `homepopupimage`
--
ALTER TABLE `homepopupimage`
  ADD PRIMARY KEY (`id`);

--
-- Indexes for table `id_proof_type`
--
ALTER TABLE `id_proof_type`
  ADD PRIMARY KEY (`id`);

--
-- Indexes for table `login_otp`
--
ALTER TABLE `login_otp`
  ADD PRIMARY KEY (`id`);

--
-- Indexes for table `multiple_address`
--
ALTER TABLE `multiple_address`
  ADD PRIMARY KEY (`add_id`);

--
-- Indexes for table `orders`
--
ALTER TABLE `orders`
  ADD PRIMARY KEY (`id`);

--
-- Indexes for table `product`
--
ALTER TABLE `product`
  ADD PRIMARY KEY (`product_id`),
  ADD KEY `product_idx` (`product_id`);

--
-- Indexes for table `productreviewrating`
--
ALTER TABLE `productreviewrating`
  ADD PRIMARY KEY (`id`);

--
-- Indexes for table `registration_otp`
--
ALTER TABLE `registration_otp`
  ADD PRIMARY KEY (`id`);

--
-- Indexes for table `seller_agreement`
--
ALTER TABLE `seller_agreement`
  ADD PRIMARY KEY (`id`);

--
-- Indexes for table `shopreviewrating`
--
ALTER TABLE `shopreviewrating`
  ADD PRIMARY KEY (`id`);

--
-- Indexes for table `shops`
--
ALTER TABLE `shops`
  ADD PRIMARY KEY (`shop_id`),
  ADD UNIQUE KEY `shop_registration_no` (`shop_registration_no`),
  ADD KEY `shop_idx` (`shop_id`);

--
-- Indexes for table `shop_types`
--
ALTER TABLE `shop_types`
  ADD PRIMARY KEY (`shop_type_id`);

--
-- Indexes for table `support_message`
--
ALTER TABLE `support_message`
  ADD KEY `message_idx` (`message_id`);

--
-- Indexes for table `support_ticket`
--
ALTER TABLE `support_ticket`
  ADD PRIMARY KEY (`ticket_id`);

--
-- Indexes for table `testimonial`
--
ALTER TABLE `testimonial`
  ADD PRIMARY KEY (`id`);

--
-- Indexes for table `users`
--
ALTER TABLE `users`
  ADD PRIMARY KEY (`id`),
  ADD UNIQUE KEY `reg_id` (`reg_id`);

--
-- Indexes for table `user_agreement`
--
ALTER TABLE `user_agreement`
  ADD PRIMARY KEY (`id`);

--
-- AUTO_INCREMENT for dumped tables
--

--
-- AUTO_INCREMENT for table `admin`
--
ALTER TABLE `admin`
  MODIFY `id` int(11) NOT NULL AUTO_INCREMENT, AUTO_INCREMENT=2;

--
-- AUTO_INCREMENT for table `area`
--
ALTER TABLE `area`
  MODIFY `area_id` int(11) NOT NULL AUTO_INCREMENT, AUTO_INCREMENT=6;

--
-- AUTO_INCREMENT for table `brand_logo`
--
ALTER TABLE `brand_logo`
  MODIFY `id` int(11) NOT NULL AUTO_INCREMENT, AUTO_INCREMENT=13;

--
-- AUTO_INCREMENT for table `categories`
--
ALTER TABLE `categories`
  MODIFY `categories_id` int(11) NOT NULL AUTO_INCREMENT, AUTO_INCREMENT=222;

--
-- AUTO_INCREMENT for table `categories_percentage`
--
ALTER TABLE `categories_percentage`
  MODIFY `id` int(11) NOT NULL AUTO_INCREMENT, AUTO_INCREMENT=46;

--
-- AUTO_INCREMENT for table `colors`
--
ALTER TABLE `colors`
  MODIFY `id` int(11) NOT NULL AUTO_INCREMENT, AUTO_INCREMENT=144;

--
-- AUTO_INCREMENT for table `common_setting`
--
ALTER TABLE `common_setting`
  MODIFY `id` int(11) NOT NULL AUTO_INCREMENT, AUTO_INCREMENT=14;

--
-- AUTO_INCREMENT for table `contactus`
--
ALTER TABLE `contactus`
  MODIFY `id` int(11) NOT NULL AUTO_INCREMENT, AUTO_INCREMENT=37;

--
-- AUTO_INCREMENT for table `coupons`
--
ALTER TABLE `coupons`
  MODIFY `id` int(11) NOT NULL AUTO_INCREMENT, AUTO_INCREMENT=3;

--
-- AUTO_INCREMENT for table `deliveryboys`
--
ALTER TABLE `deliveryboys`
  MODIFY `id` int(11) NOT NULL AUTO_INCREMENT, AUTO_INCREMENT=8;

--
-- AUTO_INCREMENT for table `delivery_status`
--
ALTER TABLE `delivery_status`
  MODIFY `ds_id` int(11) NOT NULL AUTO_INCREMENT, AUTO_INCREMENT=7;

--
-- AUTO_INCREMENT for table `forgot_otp`
--
ALTER TABLE `forgot_otp`
  MODIFY `id` int(11) NOT NULL AUTO_INCREMENT, AUTO_INCREMENT=3;

--
-- AUTO_INCREMENT for table `homebannerslider`
--
ALTER TABLE `homebannerslider`
  MODIFY `id` int(11) NOT NULL AUTO_INCREMENT, AUTO_INCREMENT=6;

--
-- AUTO_INCREMENT for table `homebannersliderfourth`
--
ALTER TABLE `homebannersliderfourth`
  MODIFY `id` int(11) NOT NULL AUTO_INCREMENT, AUTO_INCREMENT=6;

--
-- AUTO_INCREMENT for table `homebannerslidersec`
--
ALTER TABLE `homebannerslidersec`
  MODIFY `id` int(11) NOT NULL AUTO_INCREMENT, AUTO_INCREMENT=6;

--
-- AUTO_INCREMENT for table `homebannersliderthird`
--
ALTER TABLE `homebannersliderthird`
  MODIFY `id` int(11) NOT NULL AUTO_INCREMENT, AUTO_INCREMENT=6;

--
-- AUTO_INCREMENT for table `homepopupimage`
--
ALTER TABLE `homepopupimage`
  MODIFY `id` int(11) NOT NULL AUTO_INCREMENT, AUTO_INCREMENT=2;

--
-- AUTO_INCREMENT for table `id_proof_type`
--
ALTER TABLE `id_proof_type`
  MODIFY `id` int(11) NOT NULL AUTO_INCREMENT, AUTO_INCREMENT=5;

--
-- AUTO_INCREMENT for table `login_otp`
--
ALTER TABLE `login_otp`
  MODIFY `id` int(11) NOT NULL AUTO_INCREMENT, AUTO_INCREMENT=10;

--
-- AUTO_INCREMENT for table `multiple_address`
--
ALTER TABLE `multiple_address`
  MODIFY `add_id` int(11) NOT NULL AUTO_INCREMENT, AUTO_INCREMENT=13;

--
-- AUTO_INCREMENT for table `orders`
--
ALTER TABLE `orders`
  MODIFY `id` int(11) NOT NULL AUTO_INCREMENT, AUTO_INCREMENT=67;

--
-- AUTO_INCREMENT for table `product`
--
ALTER TABLE `product`
  MODIFY `product_id` int(11) NOT NULL AUTO_INCREMENT, AUTO_INCREMENT=33;

--
-- AUTO_INCREMENT for table `productreviewrating`
--
ALTER TABLE `productreviewrating`
  MODIFY `id` int(11) NOT NULL AUTO_INCREMENT, AUTO_INCREMENT=8;

--
-- AUTO_INCREMENT for table `registration_otp`
--
ALTER TABLE `registration_otp`
  MODIFY `id` int(11) NOT NULL AUTO_INCREMENT, AUTO_INCREMENT=50;

--
-- AUTO_INCREMENT for table `seller_agreement`
--
ALTER TABLE `seller_agreement`
  MODIFY `id` int(11) NOT NULL AUTO_INCREMENT, AUTO_INCREMENT=2;

--
-- AUTO_INCREMENT for table `shopreviewrating`
--
ALTER TABLE `shopreviewrating`
  MODIFY `id` int(11) NOT NULL AUTO_INCREMENT, AUTO_INCREMENT=5;

--
-- AUTO_INCREMENT for table `shops`
--
ALTER TABLE `shops`
  MODIFY `shop_id` int(11) NOT NULL AUTO_INCREMENT, AUTO_INCREMENT=66;

--
-- AUTO_INCREMENT for table `shop_types`
--
ALTER TABLE `shop_types`
  MODIFY `shop_type_id` int(11) NOT NULL AUTO_INCREMENT, AUTO_INCREMENT=3;

--
-- AUTO_INCREMENT for table `support_ticket`
--
ALTER TABLE `support_ticket`
  MODIFY `ticket_id` int(11) NOT NULL AUTO_INCREMENT, AUTO_INCREMENT=3;

--
-- AUTO_INCREMENT for table `testimonial`
--
ALTER TABLE `testimonial`
  MODIFY `id` int(11) NOT NULL AUTO_INCREMENT, AUTO_INCREMENT=9;

--
-- AUTO_INCREMENT for table `users`
--
ALTER TABLE `users`
  MODIFY `id` int(11) NOT NULL AUTO_INCREMENT, AUTO_INCREMENT=41;

--
-- AUTO_INCREMENT for table `user_agreement`
--
ALTER TABLE `user_agreement`
  MODIFY `id` int(11) NOT NULL AUTO_INCREMENT, AUTO_INCREMENT=2;
COMMIT;

/*!40101 SET CHARACTER_SET_CLIENT=@OLD_CHARACTER_SET_CLIENT */;
/*!40101 SET CHARACTER_SET_RESULTS=@OLD_CHARACTER_SET_RESULTS */;
/*!40101 SET COLLATION_CONNECTION=@OLD_COLLATION_CONNECTION */;
